numSample,x1_pix,y1_pix,x2_pix,y2_pix,laser_X_m,laser_Y_m,laser_Z_m,radar_X_m,radar_Y_m,radar_R_m,radar_A_deg,radar_D_mps,radar_P_db,dataset,index,Difficult,vehicle_class,iou_class,conf_class,track_id,cx,cy
13852,351,499,662,726,-3.32939887046814,11.42276382446289,0.574251651763916,-3.199965715408325,11.861401557922363,12.37582778930664,15.100000381469728,45.0,25713756.0,RECORD@2020-11-22_12.03.47,9,1.0,car,0.9565137028694152,0.3720766603946686,0,3.224,13.949
13853,401,501,691,703,-3.2550880908966064,12.498887062072754,0.6403661370277405,-3.219538688659668,13.002683639526367,13.473684310913086,14.100000381469728,44.0,38268824.0,RECORD@2020-11-22_12.03.47,10,1.0,car,0.9304895997047424,0.943239152431488,0,3.282,15.068
13856,502,502,740,677,-3.2443013191223145,15.494500160217283,0.6432486772537231,-3.250399112701416,16.061437606811523,16.368030548095703,11.199999809265137,42.0,22363786.0,RECORD@2020-11-22_12.03.47,13,1.0,car,0.941344916820526,0.4982340335845947,0,3.179,18.056
13857,532,503,754,670,-3.2207677364349365,16.345003128051758,0.6535900831222534,-2.882109880447388,16.950448989868164,17.36608123779297,9.899999618530272,42.0,29796058.0,RECORD@2020-11-22_12.03.47,14,0.0,car,0.9538642168045044,0.9403496384620668,0,2.986,19.107
13858,557,500,766,656,-3.127530574798584,17.27523422241211,0.673895001411438,-3.151861906051636,17.967205047607422,18.264328002929688,10.0,41.0,29246834.0,RECORD@2020-11-22_12.03.47,15,0.0,car,0.9615806937217712,0.909327507019043,0,3.172,19.987
13860,657,500,818,625,-2.948518991470337,22.755868911743164,0.7625809907913208,-2.7943060398101807,23.605607986450195,23.753604888916016,6.800000190734863,38.0,16876364.0,RECORD@2020-11-22_12.03.47,21,0.0,car,0.955151379108429,0.935188055038452,0,2.813,25.587
13861,671,509,824,628,-2.897754430770874,23.607290267944336,0.7769569158554077,-2.606450080871582,24.379623413085938,24.552045822143555,6.099999904632568,38.0,22284500.0,RECORD@2020-11-22_12.03.47,22,0.0,car,0.9348110556602478,0.8178009390830994,0,2.609,26.413
13862,682,507,830,626,-2.86337685585022,24.52295112609864,0.7901455163955688,-2.5610835552215576,25.21690368652344,25.350486755371094,5.800000190734863,37.0,24489036.0,RECORD@2020-11-22_12.03.47,23,0.0,car,0.9326230883598328,0.3327381610870361,0,2.562,27.221
13863,690,500,836,614,-2.8027894496917725,25.387083053588867,0.8194441795349121,-2.5951590538024902,25.997547149658203,26.14892768859864,5.699999809265137,36.0,14668694.0,RECORD@2020-11-22_12.03.47,24,0.0,car,0.9509304761886596,0.6874938011169434,0,2.597,28.02
13864,704,511,841,619,-2.760303974151612,26.108606338500977,0.8178812861442566,-2.332615375518799,26.830934524536133,26.94736671447754,4.900000095367432,36.0,19732964.0,RECORD@2020-11-22_12.03.47,25,0.0,car,0.9304697513580322,0.869427502155304,0,2.302,28.849
13865,711,506,850,615,-2.68847393989563,26.93050193786621,0.8301939964294434,-2.121937990188598,27.48243522644043,27.54619789123535,4.400000095367432,35.0,20882700.0,RECORD@2020-11-22_12.03.47,26,1.0,car,0.9623061418533324,0.8771629929542542,0,2.113,29.465
13866,723,511,852,615,-2.624483108520508,27.699790954589844,0.8445897698402405,-2.2493245601654053,28.40187263488769,28.544248580932617,4.599999904632568,35.0,15047714.0,RECORD@2020-11-22_12.03.47,27,1.0,car,0.93694806098938,0.8337717652320862,0,2.289,30.452
13867,733,508,858,611,-2.5306077003479004,28.50381088256836,0.8563007116317749,-2.0547120571136475,29.02094078063965,29.14307975769043,4.099999904632568,35.0,23701512.0,RECORD@2020-11-22_12.03.47,28,0.0,car,0.977700173854828,0.9073926210403442,0,2.084,31.068
13868,742,507,868,609,-2.505014181137085,29.258405685424805,0.8502066731452942,-2.174844741821289,29.873966217041016,29.941518783569336,4.199999809265137,34.0,22815916.0,RECORD@2020-11-22_12.03.47,29,0.0,car,0.9626221060752868,0.7698760032653809,0,2.193,31.861
13869,765,499,882,595,-2.2320094108581543,30.78261947631836,0.8980068564414978,-2.1073217391967773,31.63085556030273,31.73801040649414,3.900000095367432,34.0,11154026.0,RECORD@2020-11-22_12.03.47,30,0.0,car,0.9570026993751526,0.8128196597099304,0,2.159,33.665
13870,774,510,890,601,-2.1215412616729736,31.576244354248047,0.9085140228271484,-1.916162252426148,32.34339904785156,32.53644943237305,3.400000095367432,34.0,13407263.0,RECORD@2020-11-22_12.03.47,31,0.0,car,0.9488967061042786,0.8498402237892151,0,1.93,34.479
13871,780,506,894,596,-2.0597777366638184,32.25876998901367,0.9231744408607484,-1.801972389221192,33.12393951416016,33.13528060913086,3.0999999046325684,34.0,13615561.0,RECORD@2020-11-22_12.03.47,32,0.0,car,0.9217571020126344,0.6022029519081116,0,1.792,35.087
13872,792,510,899,601,-1.948565363883972,33.086524963378906,0.4985192418098449,-1.538628101348877,33.7279052734375,33.73411178588867,2.5999999046325684,34.0,19943994.0,RECORD@2020-11-22_12.03.47,33,0.0,car,0.9601098299026488,0.6611868143081665,0,1.53,35.699
13873,798,512,903,601,-1.86860454082489,33.84424591064453,0.5933844447135925,-1.514281153678894,34.63569641113281,34.73216247558594,2.5,34.0,19004598.0,RECORD@2020-11-22_12.03.47,34,0.0,car,0.950498104095459,0.7610499262809753,0,1.515,36.699
13876,825,507,924,590,-1.4895418882369995,36.06371688842773,0.9855542778968812,-1.1973745822906494,36.82844924926758,36.92787551879883,1.899999976158142,34.0,18989640.0,RECORD@2020-11-22_12.03.47,37,0.0,car,0.953748881816864,0.6362418532371521,0,1.224,38.908
13879,890,510,975,583,-0.3101053833961487,41.32162094116211,0.642666220664978,-0.0725322589278221,42.091827392578125,42.11773681640625,0.1000000014901161,33.0,16405124.0,RECORD@2020-11-22_12.03.47,44,1.0,car,0.988956093788147,0.8610510230064392,0,0.074,44.118
13881,913,509,995,584,0.2217489778995514,43.53433609008789,0.5387988090515137,0.5334097146987915,44.09307098388672,44.11383819580078,-0.699999988079071,32.0,23447924.0,RECORD@2020-11-22_12.03.47,46,0.0,car,0.9091577529907228,0.8445037007331848,0,-0.539,46.111
13883,926,513,1003,583,0.5245612859725952,44.950721740722656,0.544119119644165,0.8087354898452759,45.682594299316406,45.71072006225586,-1.0,31.0,13225582.0,RECORD@2020-11-22_12.03.47,48,0.0,car,0.9483476281166076,0.8383454084396362,0,-0.798,47.704
13884,945,519,1017,583,1.0238932371139526,48.80890655517578,0.558203399181366,1.27823805809021,49.29539489746094,49.30370330810547,-1.5,26.0,21876092.0,RECORD@2020-11-22_12.03.47,52,0.0,car,0.9404525756835938,0.8831217885017395,0,-1.291,51.287
13885,947,520,1018,583,1.0175883769989014,49.37628936767578,0.6947189569473267,1.1276323795318604,49.65984344482422,49.70292282104492,-1.2999999523162842,25.0,12115694.0,RECORD@2020-11-22_12.03.47,53,0.0,car,0.9191606044769288,0.8790691494941711,0,-1.128,51.69
13886,951,519,1020,580,1.1960842609405518,49.84028244018555,0.5623435378074646,1.749237895011902,50.2679443359375,50.301753997802734,-2.0,24.0,19104712.0,RECORD@2020-11-22_12.03.47,54,0.0,car,0.9131008386611938,0.8809630870819092,0,-1.756,52.271
13887,955,515,1025,576,1.2753962278366089,50.36382675170898,0.7022398710250854,1.6684648990631104,50.8320541381836,50.90058135986328,-1.899999976158142,24.0,13109609.0,RECORD@2020-11-22_12.03.47,55,0.0,car,0.9240818619728088,0.7430924773216248,0,-1.688,52.873
13888,959,509,1028,570,1.4539755582809448,50.91147613525391,0.5674510598182678,1.8831665515899656,51.52642440795898,51.599220275878906,-2.0999999046325684,23.0,10589832.0,RECORD@2020-11-22_12.03.47,56,0.0,car,0.8745879530906677,0.2771685123443603,0,-1.891,53.565
13889,966,513,1034,574,1.5542619228363037,51.37844467163086,0.7094308733940125,1.996831059455872,51.86691284179688,51.89863204956055,-2.200000047683716,23.0,12232493.0,RECORD@2020-11-22_12.03.47,57,1.0,car,0.9072036147117616,0.8355594277381897,0,-1.992,53.86
13890,974,514,1041,571,1.8801532983779907,52.36439514160156,0.7165229916572571,2.290289640426636,52.65018844604492,52.69707489013672,-2.5,22.0,14324830.0,RECORD@2020-11-22_12.03.47,58,0.0,car,0.8908390998840332,0.9021498560905457,0,-2.299,54.647
13891,979,512,1045,569,2.0400352478027344,52.913795471191406,0.5752090215682983,2.62374210357666,53.41205978393555,53.495513916015625,-2.799999952316284,22.0,10118177.0,RECORD@2020-11-22_12.03.47,59,0.0,car,0.9374098777770996,0.8399530649185181,0,-2.613,55.432
13892,984,514,1052,572,2.147080898284912,53.34381484985352,0.7224276065826416,2.548945665359497,53.80763244628906,53.89473342895508,-2.700000047683716,22.0,8880678.0,RECORD@2020-11-22_12.03.47,60,0.0,car,0.9582610726356506,0.8954527974128723,0,-2.539,55.835
13893,987,515,1054,572,2.270528793334961,53.85932922363281,0.5784398913383484,2.852296829223633,54.21125030517578,54.2939567565918,-3.0,22.0,17701270.0,RECORD@2020-11-22_12.03.47,61,0.0,car,0.9239028096199036,0.8791763186454773,0,-2.842,56.22
13894,990,514,1056,571,2.378891468048096,54.34563827514648,0.7289259433746338,2.8333959579467773,54.81831359863281,54.89278411865234,-3.0,22.0,10260387.0,RECORD@2020-11-22_12.03.47,62,0.0,car,0.9402921795845032,0.8665205836296082,0,-2.873,56.818
13895,994,517,1059,575,2.5529346466064453,54.8045768737793,0.5819609761238098,3.1716229915618896,55.24916076660156,55.29200744628906,-3.299999952316284,22.0,9914643.0,RECORD@2020-11-22_12.03.47,63,0.0,car,0.9424456357955932,0.8321427702903748,0,-3.183,57.2
13896,996,514,1061,568,2.625699996948242,55.291534423828125,0.7353582382202148,2.6618142127990723,55.74774169921875,55.89083480834961,-2.700000047683716,21.0,15505249.0,RECORD@2020-11-22_12.03.47,64,0.0,car,0.8653320670127869,0.7056847810745239,0,-2.633,57.829
13897,1000,514,1065,568,2.7820115089416504,56.1826400756836,0.7413617968559265,3.2640511989593506,56.76792907714844,56.88888549804688,-3.299999952316284,20.0,23810188.0,RECORD@2020-11-22_12.03.47,65,0.0,car,0.906675100326538,0.8781176805496216,0,-3.275,58.795
13898,1003,508,1066,561,2.8857104778289795,57.448509216308594,0.5930658578872681,2.988575458526612,57.345802307128906,57.48771667480469,-3.0,19.0,13722790.0,RECORD@2020-11-22_12.03.47,66,0.0,car,0.93965744972229,0.8145560622215271,0,-3.009,59.409
13899,1006,506,1068,558,3.015544891357422,57.751609802246094,0.7521483898162842,3.3674893379211426,57.92298126220703,58.0865478515625,-3.299999952316284,17.0,12286277.0,RECORD@2020-11-22_12.03.47,67,1.0,car,0.9441354870796204,0.7937266230583191,0,-3.344,59.99
13900,1004,503,1068,555,3.0002362728118896,58.042236328125,0.7546883821487427,3.321303606033325,58.56695175170898,58.68537902832031,-3.200000047683716,15.0,9633420.0,RECORD@2020-11-22_12.03.47,68,1.0,car,0.8939371705055237,0.8597351908683777,0,-3.276,60.594
13901,1004,506,1070,560,2.977378368377685,58.23388671875,0.7556119561195374,3.5585532188415527,58.77510452270508,58.884986877441406,-3.5,15.0,12004591.0,RECORD@2020-11-22_12.03.47,69,1.0,car,0.881958544254303,0.811534583568573,0,-3.595,60.775
13902,1005,508,1069,562,3.0259838104248047,58.49397277832031,0.7573272585868835,3.8696517944335938,58.81852722167969,58.98479461669922,-3.799999952316284,14.0,12554886.0,RECORD@2020-11-22_12.03.47,70,0.0,car,0.9184973239898682,0.8618472218513489,0,-3.909,60.855
13903,1007,511,1070,565,3.066075086593628,58.725135803222656,0.7579540014266968,3.583472490310669,58.974342346191406,59.084598541259766,-3.5,12.0,14025965.0,RECORD@2020-11-22_12.03.47,71,0.0,car,0.9006211161613464,0.8421176075935364,0,-3.607,60.974
13904,1009,504,1070,557,3.2255799770355225,59.22483825683594,1.380054950714111,3.8059897422790527,59.7297248840332,59.88303756713867,-3.700000047683716,10.0,12806690.0,RECORD@2020-11-22_12.03.47,72,0.0,car,0.8991643786430359,0.7711886763572693,0,-3.864,61.758
13905,1012,513,1073,567,3.2096171379089355,59.36738204956055,0.7625721096992493,4.161597728729248,59.89638137817383,60.08264923095703,-4.0,9.0,11911484.0,RECORD@2020-11-22_12.03.47,73,0.0,car,0.957379162311554,0.793030321598053,0,-4.191,61.936
13906,1014,511,1072,563,3.297123432159424,59.75970077514648,0.7655738592147827,3.862867832183838,60.30354690551758,60.48186874389648,-3.700000047683716,8.0,9078267.0,RECORD@2020-11-22_12.03.47,74,0.0,car,0.9225730895996094,0.7763587832450867,0,-3.903,62.356
13907,1018,518,1080,573,3.4985191822052,60.07617950439453,0.7666294574737549,3.9762158393859854,60.63623809814453,60.78128433227539,-3.799999952316284,6.0,9561764.0,RECORD@2020-11-22_12.03.47,75,0.0,car,0.943558394908905,0.772548258304596,0,-4.028,62.648
13911,1009,510,1070,562,3.1334822177886963,60.53468704223633,0.6047319173812866,3.9274630546569824,60.73793029785156,60.88108825683594,-3.700000047683716,254.0,15100055.0,RECORD@2020-11-22_12.03.47,84,0.0,car,0.93849915266037,0.820600688457489,0,-3.929,62.754
13912,1009,509,1071,562,3.2408902645111084,60.42325973510742,0.7696641683578491,3.975567817687988,60.75413513183594,60.88108825683594,-3.799999952316284,254.0,15137841.0,RECORD@2020-11-22_12.03.47,85,0.0,car,0.9144359230995178,0.7759127020835876,0,-4.035,62.747
13913,1007,507,1071,557,3.1802752017974854,60.41830062866211,1.40061616897583,3.988450050354004,60.5247917175293,60.68148040771485,-3.799999952316284,254.0,11860623.0,RECORD@2020-11-22_12.03.47,86,0.0,car,0.8823883533477783,0.6667184829711914,0,-4.022,62.548
13914,1008,505,1069,553,3.188908100128174,60.36674499511719,1.3997629880905151,3.882716178894043,60.85506439208984,60.98089599609375,-3.700000047683716,254.0,9856415.0,RECORD@2020-11-22_12.03.47,87,0.0,car,0.9318147301673888,0.7407076954841614,0,-3.935,62.854
13915,1007,509,1070,559,3.21132755279541,60.24727630615234,1.08528733253479,3.693170547485352,60.6645736694336,60.78128433227539,-3.5,254.0,16056930.0,RECORD@2020-11-22_12.03.47,88,0.0,car,0.9095473289489746,0.8044005036354065,0,-3.711,62.668
13916,1008,511,1070,563,3.2041733264923096,60.23007583618164,0.6035904288291931,4.088160514831543,60.721187591552734,60.88108825683594,-3.900000095367432,254.0,11983652.0,RECORD@2020-11-22_12.03.47,89,0.0,car,0.8754112720489502,0.6261076927185059,0,-4.141,62.74
13917,1010,510,1073,563,3.247478723526001,60.147216796875,0.7679489254951477,3.965877771377564,60.54090118408203,60.68148040771485,-3.700000047683716,254.0,8459078.0,RECORD@2020-11-22_12.03.47,90,0.0,car,0.9009497165679932,0.6006253957748413,0,-3.916,62.555
13918,1009,509,1073,562,3.1967086791992188,60.13842010498047,0.6034356355667114,3.762641429901123,60.537254333496094,60.68148040771485,-3.5999999046325684,254.0,9772954.0,RECORD@2020-11-22_12.03.47,91,0.0,car,0.8515035510063171,0.5991706848144531,0,-3.81,62.562
13919,1009,515,1072,567,3.202291488647461,60.07880401611328,0.7669263482093811,3.668793201446533,60.63236999511719,60.78128433227539,-3.5,254.0,9233383.0,RECORD@2020-11-22_12.03.47,92,0.0,car,0.889899730682373,0.6778462529182434,0,-3.711,62.668
13920,1009,514,1072,564,3.231231212615967,60.0557975769043,0.6028165817260742,3.6809816360473633,60.543907165527344,60.68148040771485,-3.5,254.0,12701408.0,RECORD@2020-11-22_12.03.47,93,0.0,car,0.9071163535118104,0.599758505821228,0,-3.705,62.568
13921,1010,511,1073,562,3.2109389305114746,59.972129821777344,0.7667614221572876,3.9959774017333984,60.34175491333008,60.48186874389648,-3.799999952316284,254.0,14697024.0,RECORD@2020-11-22_12.03.47,94,0.0,car,0.9065850973129272,0.7186659574508667,0,-4.008,62.349
13922,1010,509,1072,562,3.2071692943573,59.9456901550293,0.602739155292511,3.929642677307129,60.35574722290039,60.48186874389648,-3.700000047683716,254.0,11622339.0,RECORD@2020-11-22_12.03.47,95,0.0,car,0.895351767539978,0.5642783641815186,0,-3.903,62.356
13927,1016,511,1078,562,3.3789093494415283,59.62581634521485,0.6011914610862732,4.059906005859375,59.78281784057617,59.98284149169922,-3.900000095367432,253.0,12719476.0,RECORD@2020-11-22_12.03.47,100,0.0,car,0.9262420535087584,0.777532160282135,0,-4.08,61.844
13932,1024,505,1087,559,3.675749063491821,59.24482727050781,1.3808228969573977,4.125406265258789,59.7772216796875,59.88303756713867,-4.0,253.0,11848487.0,RECORD@2020-11-22_12.03.47,105,0.0,car,0.9485759139060974,0.3698976933956146,0,-4.177,61.737
13934,1027,507,1090,561,3.7899820804595934,59.05194091796875,0.5995663404464722,4.571674346923828,59.283729553222656,59.48381805419922,-4.400000095367432,252.0,15390885.0,RECORD@2020-11-22_12.03.47,107,1.0,car,0.9118199348449708,0.7920079231262207,0,-4.564,61.309
13937,1030,506,1090,558,3.805423021316528,58.729740142822266,0.7591085433959961,4.532356262207031,59.2047119140625,59.38401412963867,-4.400000095367432,252.0,11405799.0,RECORD@2020-11-22_12.03.47,110,0.0,car,0.9678285121917723,0.8647996783256531,0,-4.556,61.209
13939,1029,510,1093,566,3.797579288482666,58.56538009643555,0.7576571702957153,4.2751784324646,59.06987762451172,59.284210205078125,-4.099999904632568,252.0,8378941.5,RECORD@2020-11-22_12.03.47,112,0.0,car,0.8642199635505676,0.87533038854599,0,-4.239,61.132
13940,1027,506,1087,560,3.7528719902038574,58.56564331054688,0.5974768996238708,4.136280536651611,59.10041809082031,59.284210205078125,-4.0,253.0,10241418.0,RECORD@2020-11-22_12.03.47,113,0.0,car,0.8801072239875793,0.8634829521179199,0,-4.135,61.14
13941,1021,512,1086,567,3.636554956436157,58.42118453979492,0.7564696073532104,4.313446998596191,58.87451171875,59.084598541259766,-4.199999809265137,253.0,11713281.0,RECORD@2020-11-22_12.03.47,114,1.0,car,0.9040321111679076,0.8562800288200378,0,-4.327,60.926
13943,1019,507,1083,561,3.456215143203736,58.28369522094727,0.7560077905654907,3.787341117858887,58.703399658203125,58.884986877441406,-3.700000047683716,253.0,12784953.0,RECORD@2020-11-22_12.03.47,116,0.0,car,0.9212726354599,0.838157594203949,0,-3.8,60.762
13947,1003,506,1066,559,2.9399056434631348,58.05413436889648,0.7544244527816772,3.355485200881958,58.74856948852539,58.884986877441406,-3.299999952316284,253.0,9078249.0,RECORD@2020-11-22_12.03.47,120,1.0,car,0.9446874856948853,0.7818973064422607,0,-3.39,60.787
13948,1000,510,1065,564,2.829411745071411,58.02504348754883,0.594865083694458,3.3385019302368164,58.263710021972656,58.385963439941406,-3.299999952316284,253.0,10635249.0,RECORD@2020-11-22_12.03.47,121,0.0,car,0.9089487195014954,0.7199248671531677,0,-3.361,60.289
13951,998,511,1063,564,2.7328040599823,57.71189498901367,0.5937623977661133,3.534179210662842,58.14910125732422,58.28615951538086,-3.5,253.0,14477006.0,RECORD@2020-11-22_12.03.47,126,0.0,car,0.9502145648002625,0.8128178715705872,0,-3.558,60.177
13952,998,508,1063,561,2.756497859954834,57.58686447143555,0.7513896822929382,3.522529125213623,57.78499603271485,57.88693618774414,-3.5,253.0,16260308.0,RECORD@2020-11-22_12.03.47,127,1.0,car,0.9530500769615172,0.901573657989502,0,-3.534,59.779
13953,1000,512,1065,565,2.8601274490356445,57.57444381713867,0.5934334993362427,3.4693918228149414,58.176025390625,58.28615951538086,-3.400000095367432,253.0,10824026.0,RECORD@2020-11-22_12.03.47,128,0.0,car,0.8984154462814331,0.8790184259414673,0,-3.457,60.184
13954,1001,506,1066,559,2.877251148223877,57.49729537963867,0.7511917352676392,3.321516990661621,57.84388732910156,57.88693618774414,-3.299999952316284,254.0,9750156.0,RECORD@2020-11-22_12.03.47,129,0.0,car,0.9298898577690125,0.8620092868804932,0,-3.332,59.791
13955,1001,505,1067,560,2.860652208328247,57.49290084838867,0.5935689210891724,3.5103402137756348,57.72393035888672,57.88693618774414,-3.5,253.0,14185845.0,RECORD@2020-11-22_12.03.47,130,0.0,car,0.922921359539032,0.8572705984115601,0,-3.534,59.779
13956,1002,506,1067,560,2.870962619781494,57.37140274047852,0.7500042915344238,3.6857008934021,57.92167282104492,58.0865478515625,-3.5999999046325684,254.0,13375019.0,RECORD@2020-11-22_12.03.47,131,0.0,car,0.925592303276062,0.8159056901931763,0,-3.647,59.972
13957,1003,503,1066,554,2.910799026489258,57.36763000488281,1.3485734462738037,3.610482454299927,57.57344436645508,57.68732833862305,-3.5999999046325684,253.0,19870276.0,RECORD@2020-11-22_12.03.47,132,0.0,car,0.9116361737251282,0.8866406083106995,0,-3.622,59.573
13958,1001,505,1066,561,2.865712404251098,57.26726150512695,0.7492455840110779,3.483771800994873,57.84812927246094,57.98674011230469,-3.5,254.0,12132991.0,RECORD@2020-11-22_12.03.47,133,1.0,car,0.918023407459259,0.8478184938430786,0,-3.54,59.879
13959,1001,507,1065,560,2.788322687149048,57.28886413574219,0.5925629138946533,3.5103402137756348,57.86499786376953,57.98674011230469,-3.5,253.0,9991641.0,RECORD@2020-11-22_12.03.47,134,1.0,car,0.9382458329200744,0.7924898266792297,0,-3.54,59.879
13960,1000,505,1063,556,2.795546054840088,57.19185256958008,0.7496744394302368,3.3859896659851074,57.410301208496094,57.48771667480469,-3.400000095367432,254.0,8376299.5,RECORD@2020-11-22_12.03.47,135,0.0,car,0.9307515621185304,0.9045872092247008,0,-3.409,59.387
13961,999,506,1064,557,2.822174549102783,57.170188903808594,1.3455021381378174,3.398346424102783,57.56044769287109,57.68732833862305,-3.400000095367432,254.0,9070942.0,RECORD@2020-11-22_12.03.47,136,0.0,car,0.9331611394882202,0.8681513667106628,0,-3.421,59.586
13962,999,504,1063,555,2.723117113113404,57.16170120239258,1.0487496852874756,3.410187244415283,57.60822677612305,57.68732833862305,-3.400000095367432,254.0,9778301.0,RECORD@2020-11-22_12.03.47,137,1.0,car,0.9453882575035096,0.6543723344802856,0,-3.421,59.586
13963,997,503,1061,556,2.716484785079956,57.10935592651367,1.3446489572525024,3.220505475997925,57.582855224609375,57.68732833862305,-3.200000047683716,1.0,10463787.0,RECORD@2020-11-22_12.03.47,138,0.0,car,0.9348741769790648,0.8523706793785095,0,-3.22,59.597
13964,993,508,1059,558,2.5617446899414062,57.13863754272461,0.752709150314331,3.0144686698913574,57.61591339111328,57.68732833862305,-3.0,128.0,10525349.0,RECORD@2020-11-22_12.03.47,139,0.0,car,0.8841472268104553,0.6712107062339783,0,-3.019,59.608
13965,995,502,1056,553,2.689738273620605,57.05011749267578,1.3449902534484863,3.009016513824463,57.58573913574219,57.68732833862305,-3.0,1.0,11011203.0,RECORD@2020-11-22_12.03.47,140,0.0,car,0.9595947265625,0.8012050986289978,0,-3.019,59.608
13966,992,504,1054,553,2.547815084457397,57.1204833984375,0.750103235244751,3.344503164291382,57.3695068359375,57.48771667480469,-3.299999952316284,1.0,12924624.0,RECORD@2020-11-22_12.03.47,141,0.0,car,0.8264811038970947,0.4809254705905914,0,-3.309,59.392
13967,992,502,1056,556,2.57791519165039,57.0987548828125,1.3446489572525024,2.9881203174591064,57.63238906860352,57.68732833862305,-3.0,1.0,13882589.0,RECORD@2020-11-22_12.03.47,142,0.0,car,0.9116275906562804,0.7116419076919556,0,-3.019,59.608
13968,990,506,1055,558,2.429159879684448,57.15658187866211,0.7479920983314514,3.01992416381836,57.59022521972656,57.68732833862305,-3.0,1.0,10852042.0,RECORD@2020-11-22_12.03.47,143,0.0,car,0.9464933276176452,0.8015880584716797,0,-3.019,59.608
13969,988,508,1053,560,2.4114999771118164,57.22236251831055,0.5925241708755493,3.0700204372406006,57.689735412597656,57.7871322631836,-3.0999999046325684,2.0,12266547.0,RECORD@2020-11-22_12.03.47,144,0.0,car,0.9354828000068665,0.8043957948684692,0,-3.125,59.703
13970,986,510,1051,559,2.3655548095703125,57.226112365722656,0.7487177848815918,3.0199244022369385,57.60822677612305,57.68732833862305,-3.0,3.0,15252048.0,RECORD@2020-11-22_12.03.47,145,0.0,car,0.8702004551887512,0.6610663533210754,0,-3.019,59.608
13972,983,512,1046,565,2.245792865753174,57.35066604614258,0.7496084570884705,2.755871295928955,57.89696502685547,57.98674011230469,-2.700000047683716,4.0,10148422.0,RECORD@2020-11-22_12.03.47,147,1.0,car,0.9583967328071594,0.8172134757041931,0,-2.732,59.922
13974,976,509,1039,562,2.037027359008789,57.57163238525391,0.7512577772140503,2.5424489974975586,57.98703002929688,58.0865478515625,-2.5,5.0,10432490.0,RECORD@2020-11-22_12.03.47,149,0.0,car,0.0,0.8294370770454407,0,-2.534,60.031
13977,955,501,1016,552,1.3299201726913452,58.16166305541992,1.363180160522461,1.6956979036331177,58.662384033203125,58.68537902832031,-1.7000000476837158,6.0,14376420.0,RECORD@2020-11-22_12.03.47,153,0.0,car,0.9001348614692688,0.7688654661178589,0,-1.741,60.66
13981,925,501,986,552,0.572441041469574,59.42243576049805,1.3838942050933838,0.7324259877204895,60.06607818603516,60.08264923095703,-0.699999988079071,7.0,12879474.0,RECORD@2020-11-22_12.03.47,162,1.0,car,0.926037073135376,0.8409605026245117,0,-0.734,62.078
13981,107,518,266,599,-14.101513862609863,30.348722457885746,0.8530106544494629,-13.245847702026367,29.821929931640625,32.636253356933594,23.89999961853028,30.0,3522835.0,RECORD@2020-11-22_12.03.47,162,1.0,car,0.870637059211731,0.8630372285842896,1,13.222,31.838
13982,924,500,985,552,0.343403160572052,59.65605163574219,1.3887758255004885,0.5791511535644531,60.17271041870117,60.18245315551758,-0.6000000238418579,7.0,17586204.0,RECORD@2020-11-22_12.03.47,163,0.0,car,0.9037899374961852,0.8769547343254089,0,-0.63,62.179
13983,924,502,984,552,0.5150174498558044,59.72682189941406,1.3891838788986206,0.7299846410751343,60.22753143310547,60.282257080078125,-0.699999988079071,7.0,13082654.0,RECORD@2020-11-22_12.03.47,164,0.0,car,0.9127347469329834,0.8243851661682129,0,-0.736,62.278
13985,924,509,984,559,0.3673886060714721,60.119571685791016,0.6029713153839111,0.9006199836730957,60.85951614379883,60.88108825683594,-0.8999999761581421,7.0,15989712.0,RECORD@2020-11-22_12.03.47,166,1.0,car,0.903930962085724,0.8581996560096741,0,-0.956,62.874
13985,581,503,645,551,-13.681543350219728,71.65130615234375,1.6144179105758667,-12.900992393493652,71.7063980102539,72.85769653320312,10.199999809265137,249.0,3246624.75,RECORD@2020-11-22_12.03.47,166,1.0,truck,0.9361754059791564,0.6730278134346008,2,12.902,73.706
13986,926,505,986,553,0.485360324382782,60.36590194702149,1.398568630218506,0.7992711663246155,60.8140983581543,60.88108825683594,-0.800000011920929,6.0,11168927.0,RECORD@2020-11-22_12.03.47,168,1.0,car,0.8897973895072937,0.8674764037132263,0,-0.85,62.875
13986,417,506,516,574,-13.524957656860352,48.26444625854492,1.04288649559021,-13.165275573730469,48.12670135498047,49.902530670166016,15.300000190734863,242.0,2655965.25,RECORD@2020-11-22_12.03.47,168,1.0,truck,0.0,0.8674764037132263,2,13.168,50.134
13987,926,502,987,551,0.4622221291065216,60.49746322631836,0.7701259851455688,0.7519574165344238,61.26890563964844,61.28030776977539,-0.699999988079071,6.0,12419066.0,RECORD@2020-11-22_12.03.47,169,1.0,car,0.930920958518982,0.8323487639427185,0,-0.749,63.276
13987,259,502,404,588,-13.559735298156738,36.51346969604492,1.040281057357788,-12.984052658081056,36.62889862060547,38.92397689819336,19.700000762939453,15.0,4173251.75,RECORD@2020-11-22_12.03.47,169,1.0,truck,0.9422934055328368,0.6332532167434692,2,13.121,38.646
13991,937,503,996,550,0.9031683206558228,61.65302658081055,1.4204094409942627,0.7666059136390686,62.25699234008789,62.278358459472656,-0.699999988079071,6.0,11201320.0,RECORD@2020-11-22_12.03.47,178,0.0,car,0.8973085880279541,0.809537947177887,0,-0.761,64.274
13992,937,500,998,549,0.8144541382789612,61.75846481323242,0.7809125781059265,1.0964086055755615,62.455833435058594,62.477970123291016,-1.0,6.0,12587844.0,RECORD@2020-11-22_12.03.47,179,0.0,car,0.8666902780532837,0.7612136006355286,0,-1.09,64.468
13993,940,501,1000,552,0.8847773671150208,61.90764999389648,1.4248459339141846,1.1925281286239624,62.4664421081543,62.477970123291016,-1.100000023841858,6.0,12581875.0,RECORD@2020-11-22_12.03.47,180,0.0,car,0.8871625065803528,0.782717764377594,0,-1.199,64.466
13994,943,509,1000,555,1.0408926010131836,62.46083450317383,0.7827268838882446,1.3239518404006958,62.65689086914063,62.677581787109375,-1.2000000476837158,6.0,11060785.0,RECORD@2020-11-22_12.03.47,181,0.0,car,0.885412871837616,0.6286260485649109,0,-1.313,64.664
13995,944,511,1001,556,1.038646221160889,62.58478546142578,0.7833865880966187,1.2041230201721191,62.86558532714844,62.87718963623047,-1.100000023841858,7.0,14661908.0,RECORD@2020-11-22_12.03.47,182,0.0,car,0.8922889232635498,0.7430378198623657,0,-1.207,64.866
13996,947,514,1005,561,1.1388061046600342,62.87639236450195,0.6135345697402954,1.3218603134155271,63.26675796508789,63.27640914916992,-1.2000000476837158,8.0,10651589.0,RECORD@2020-11-22_12.03.47,183,0.0,car,0.8977999687194824,0.6375397443771362,0,-1.325,65.263
13997,948,514,1006,564,1.1345843076705933,63.01904678344727,0.6139602065086365,1.227131724357605,63.47127151489258,63.47602081298828,-1.100000023841858,8.0,13539132.0,RECORD@2020-11-22_12.03.47,184,0.0,car,0.8406620025634766,0.6487960815429688,0,-1.219,65.464
13998,948,515,1006,563,1.2288719415664673,63.11579895019531,0.7863553762435913,1.566381573677063,63.45667266845703,63.47602081298828,-1.399999976158142,8.0,14948980.0,RECORD@2020-11-22_12.03.47,185,1.0,car,0.8814026117324829,0.8237703442573547,0,-1.551,65.457
13999,945,515,1003,561,1.0741055011749268,63.48526763916016,0.6155853271484375,1.3553251028060913,64.06859588623047,64.0748519897461,-1.2000000476837158,9.0,15547532.0,RECORD@2020-11-22_12.03.47,186,0.0,car,0.9306790828704834,0.8387551307678223,0,-1.342,66.061
14000,941,513,1000,560,1.002267360687256,63.70132064819336,0.7903797030448914,1.3509362936019895,64.26465606689453,64.27445983886719,-1.2000000476837158,10.0,12585772.0,RECORD@2020-11-22_12.03.47,187,0.0,car,0.8533691167831421,0.6829013824462891,0,-1.346,66.26
14001,937,512,995,558,0.8183866143226624,63.94859313964844,0.6174812316894531,1.346753716468811,64.45236206054688,64.47407531738281,-1.2000000476837158,11.0,12148163.0,RECORD@2020-11-22_12.03.47,188,0.0,car,0.9304840564727784,0.6634692549705505,0,-1.35,66.46
14002,933,513,993,560,0.7476761937141418,64.1386489868164,0.7933154702186584,1.2537842988967896,64.85950469970703,64.873291015625,-1.100000023841858,11.0,14571340.0,RECORD@2020-11-22_12.03.47,189,0.0,car,0.8523566722869873,0.5087409615516663,0,-1.245,66.861
14003,931,516,988,562,0.5892155170440674,64.42340850830078,0.6192998290061951,1.1433846950531006,64.85707092285156,64.873291015625,-1.0,12.0,12258888.0,RECORD@2020-11-22_12.03.47,190,0.0,car,0.8660157322883606,0.7496573328971863,0,-1.132,66.863
14004,925,503,982,548,0.4266788959503174,64.7107925415039,0.797801673412323,0.8580902814865112,65.27001953125,65.27251434326172,-0.800000011920929,12.0,9801875.0,RECORD@2020-11-22_12.03.47,191,0.0,car,0.8680152297019958,0.6352142691612244,0,-0.911,67.266
14005,924,515,980,562,0.2535121142864227,64.98686981201172,0.6214666366577148,-0.2267953306436538,65.46963500976562,65.47212219238281,0.2000000029802322,14.0,8293994.5,RECORD@2020-11-22_12.03.47,192,0.0,car,0.8885082602500916,0.8384450078010559,0,0.229,67.472
14006,919,510,974,556,0.1380816102027893,65.3134765625,0.8009353876113892,0.2329509705305099,65.85970306396484,65.87134552001953,-0.2000000029802322,15.0,10536196.0,RECORD@2020-11-22_12.03.47,193,0.0,car,0.9290596842765808,0.7836554050445557,0,-0.23,67.871
14007,915,511,970,557,-0.0283964276313781,65.66041564941406,0.6240590810775757,0.4613411724567413,66.25474548339844,66.27056121826172,-0.4000000059604645,16.0,10751960.0,RECORD@2020-11-22_12.03.47,194,0.0,car,0.8898442387580872,0.7216567993164062,0,-0.463,68.269
14008,909,515,965,562,-0.337304949760437,66.03126525878906,0.8053555488586426,0.0009238249622285,66.667236328125,66.66978454589844,-0.0,17.0,13630968.0,RECORD@2020-11-22_12.03.47,195,0.0,car,0.8636109232902527,0.853046178817749,0,0.0,68.67
14009,904,501,957,545,-0.517242968082428,66.42217254638672,1.5031658411026,0.0009295317577198,67.05878448486328,67.06900024414062,-0.0,18.0,9581738.0,RECORD@2020-11-22_12.03.47,196,0.0,car,0.8989482522010803,0.6333178877830505,0,0.0,69.069
14010,897,510,952,557,-0.6455776691436768,66.78250885009766,0.8109303116798401,-0.7055181264877319,67.5577392578125,67.56802368164062,0.6000000238418579,19.0,15377991.0,RECORD@2020-11-22_12.03.47,197,0.0,car,0.9302661418914796,0.8241380453109741,0,0.708,69.564
14011,891,513,947,562,-0.9775487780570984,67.25717163085938,0.6303273439407349,-0.7076594829559326,67.86306762695312,67.86744689941406,0.6000000238418579,20.0,12939255.0,RECORD@2020-11-22_12.03.47,198,0.0,car,0.8600223660469055,0.714583694934845,0,0.711,69.864
14012,886,509,939,555,-1.1686069965362549,67.69401550292969,0.8169997930526733,-1.0192501544952393,68.44575500488281,68.46627044677734,0.800000011920929,22.0,15090938.0,RECORD@2020-11-22_12.03.47,199,0.0,car,0.9137963056564332,0.7424171566963196,0,0.956,70.46
14013,881,513,935,557,-1.4357963800430298,68.25580596923828,0.6341966986656189,-1.0775996446609497,68.959228515625,68.96530151367188,0.8999999761581421,23.0,9660570.0,RECORD@2020-11-22_12.03.47,200,0.0,car,0.9312264919281006,0.8398205637931824,0,1.083,70.957
14014,874,516,927,560,-1.6794748306274414,68.75836944580078,0.8235641717910767,-1.2148323059082031,69.45645904541016,69.46432495117188,1.0,24.0,8455356.0,RECORD@2020-11-22_12.03.47,201,0.0,car,0.8880372643470764,0.7596954703330994,0,1.212,71.454
14015,866,508,920,551,-1.7928386926651,69.29386901855469,1.5517959594726562,-1.651827096939087,69.9839859008789,70.06315612792969,1.2999999523162842,26.0,9668722.0,RECORD@2020-11-22_12.03.47,202,0.0,car,0.9087083339691162,0.8499346971511841,0,1.59,72.045
14016,861,512,914,556,-2.1801273822784424,69.83809661865234,0.831282913684845,-1.720567226409912,70.55644989013672,70.6619873046875,1.399999976158142,27.0,10423655.0,RECORD@2020-11-22_12.03.47,203,0.0,car,0.8850321769714355,0.7628300189971924,0,1.726,72.641
14017,853,511,907,554,-2.6754956245422363,70.45502471923828,0.6429606676101685,-2.101210117340088,71.23306274414062,71.26081848144531,1.7000000476837158,28.0,14365529.0,RECORD@2020-11-22_12.03.47,204,0.0,car,0.8862168788909912,0.8406966328620911,0,2.114,73.229
14018,850,510,905,553,-2.6768274307250977,71.05397033691406,0.8395295739173889,-2.274966239929199,71.62066650390625,71.6600341796875,1.7999999523162842,29.0,10989438.0,RECORD@2020-11-22_12.03.47,205,0.0,car,0.8466349244117737,0.8052484393119812,0,2.251,73.625
14019,845,506,898,548,-2.8915603160858154,71.74488830566406,0.6484357714653015,-2.3985753059387207,72.39732360839844,72.4584732055664,1.899999976158142,30.0,8431514.0,RECORD@2020-11-22_12.03.47,206,0.0,car,0.855575680732727,0.7020080089569092,0,2.402,74.419
14020,841,506,894,548,-3.1950812339782715,72.34700775146484,0.8483039736747742,-2.417719602584839,73.21511840820312,73.25691986083984,1.899999976158142,32.0,11272941.0,RECORD@2020-11-22_12.03.47,207,0.0,car,0.8755493760108948,0.7714657187461853,0,2.429,75.217
14021,839,504,891,547,-2.960181713104248,73.1149673461914,1.136251449584961,-2.562572956085205,73.6125259399414,73.65613555908203,2.0,33.0,11959609.0,RECORD@2020-11-22_12.03.47,208,0.0,car,0.8691268563270569,0.8278142809867859,0,2.571,75.611
14022,842,521,893,565,-3.408217430114746,73.77010345458984,-0.116715520620346,-2.601529359817505,74.58609008789062,74.65419006347656,2.0,34.0,9271720.0,RECORD@2020-11-22_12.03.47,209,0.0,car,0.8591127991676331,0.6241071224212646,0,2.605,76.609
14023,841,502,893,544,-3.278963088989258,74.57368469238281,1.6429133415222168,-3.010982275009156,75.53987884521484,75.65223693847656,2.299999952316284,35.0,10483543.0,RECORD@2020-11-22_12.03.47,210,1.0,car,0.8434523344039917,0.6592543125152588,0,3.036,77.591
14024,842,514,894,556,-3.164228200912476,75.40432739257812,0.8678320050239563,-2.4034423828125,76.12106323242188,76.15126037597656,1.7999999523162842,37.0,6526782.0,RECORD@2020-11-22_12.03.47,211,0.0,car,0.8538001179695129,0.7066198587417603,0,2.392,78.114
14025,841,512,892,554,-3.471279621124268,76.22335815429688,0.6653447151184082,-2.952633142471313,76.79832458496094,76.84989929199219,2.200000047683716,38.0,11754624.0,RECORD@2020-11-22_12.03.47,212,0.0,car,0.8785131573677063,0.7845804691314697,0,2.95,78.793
3632,580,543,651,604,-9.222439765930176,49.2928466796875,0.0341905206441879,-8.898101806640625,49.93666076660156,50.70097351074219,10.100000381469728,108.0,7118500.5,RECORD@2020-11-22_12.25.47,51,1.0,car,0.8430095314979553,0.8428094387054443,0,8.891,51.915
3633,564,544,645,608,-9.020063400268556,46.0384407043457,0.0520103275775909,-9.181100845336914,46.69617462158203,47.50720977783203,11.100000381469728,108.0,9305975.0,RECORD@2020-11-22_12.25.47,52,1.0,car,0.9017761945724488,0.8998281955718994,0,9.146,48.618
3634,550,544,635,613,-8.658080101013184,42.70434188842773,0.0781132578849792,-8.521926879882812,43.32969284057617,44.11383819580078,11.100000381469728,109.0,10472318.0,RECORD@2020-11-22_12.25.47,53,1.0,car,0.9219285845756532,0.8556444644927979,0,8.493,45.289
3635,527,543,622,620,-8.617670059204102,39.47006988525391,0.0982243716716766,-8.007476806640625,39.96135711669922,40.92007827758789,11.399999618530272,109.0,11625742.0,RECORD@2020-11-22_12.25.47,54,1.0,car,0.900882124900818,0.8618751764297485,0,8.088,42.113
3636,500,544,608,628,-8.436556816101074,36.06274032592773,-0.107227474451065,-8.084945678710938,36.60136413574219,37.526702880859375,12.5,110.0,11673743.0,RECORD@2020-11-22_12.25.47,55,1.0,car,0.9359990954399108,0.8907986283302307,0,8.122,38.637
3637,468,546,588,636,-8.245863914489746,32.840614318847656,-0.2064587473869323,-7.799052715301514,33.345916748046875,34.332942962646484,13.300000190734863,110.0,12517975.0,RECORD@2020-11-22_12.25.47,56,1.0,car,0.9307748675346376,0.7562078237533569,0,7.898,35.412
3638,423,544,558,643,-8.053024291992188,29.564653396606445,-0.1523982286453247,-7.788500785827637,30.027511596679688,31.139179229736328,14.600000381469728,111.0,8244060.0,RECORD@2020-11-22_12.25.47,57,1.0,car,0.8570507764816284,0.7861105799674988,0,7.849,32.134
3639,382,547,528,656,-7.947988033294678,26.199604034423828,-0.0972278118133544,-8.088239669799805,26.64017105102539,27.74580764770508,17.100000381469727,112.0,14696284.0,RECORD@2020-11-22_12.25.47,58,1.0,car,0.9250368475914,0.9373869299888612,0,8.158,28.519
3640,315,548,491,671,-7.888981342315674,22.879976272583008,0.0401134192943573,-7.65787410736084,23.281513214111328,24.552045822143555,18.200000762939453,114.0,16294727.0,RECORD@2020-11-22_12.25.47,59,1.0,car,0.9133256673812866,0.8182806372642517,0,7.668,25.324
3641,227,554,439,688,-7.931980133056641,19.570268630981445,0.0096062570810318,-7.517227172851562,20.07146453857422,21.55789375305176,20.39999961853028,116.0,11813181.0,RECORD@2020-11-22_12.25.47,60,1.0,car,0.897909939289093,0.924204409122467,0,7.514,22.206
3642,104,555,366,713,-7.732958793640137,16.25450897216797,0.0588973462581634,-7.530874252319336,16.789575576782227,18.56374168395996,24.39999961853028,120.0,10107126.0,RECORD@2020-11-22_12.25.47,61,1.0,car,0.8755993843078613,0.9541143774986268,0,7.669,18.906
3646,29,470,551,934,-2.686868190765381,4.270840167999268,0.3276453614234924,-2.916911363601685,5.358356475830078,6.18791389465332,28.299999237060547,120.0,14743880.0,RECORD@2020-11-22_12.25.47,73,1.0,truck,0.8955966234207153,0.95803564786911,1,2.934,7.448
3647,183,485,681,841,-3.0133514404296875,6.928481578826904,0.3997937142848968,-3.1780922412872314,7.298676013946533,8.184015274047852,23.200000762939453,123.0,13482362.0,RECORD@2020-11-22_12.25.47,74,1.0,truck,0.87956702709198,0.958035409450531,1,3.224,9.522
3648,352,494,771,782,-2.6093966960906982,10.10468578338623,0.4408879578113556,-2.6997947692871094,10.62240505218506,11.078361511230469,13.899999618530272,131.0,17054058.0,RECORD@2020-11-22_12.25.47,75,1.0,truck,0.9611239433288574,0.5648602247238159,1,2.661,12.754
3649,544,497,843,721,-2.272970199584961,13.257977485656738,0.4233191311359405,-2.5483434200286865,13.724048614501951,13.972708702087402,10.800000190734863,130.0,10470005.0,RECORD@2020-11-22_12.25.47,76,1.0,truck,0.9028578400611876,0.9721731543540956,1,2.618,15.725
3650,888,517,1042,652,0.226288691163063,24.78103256225586,0.205688938498497,0.5919761657714844,25.32613754272461,25.350486755371094,-1.399999976158142,121.0,28911014.0,RECORD@2020-11-22_12.25.47,77,1.0,truck,0.9016732573509216,0.9008557200431824,1,-0.619,27.343
3651,923,525,1059,649,0.7016358375549316,27.40813636779785,0.1890361607074737,1.0719460248947144,27.882049560546875,27.945417404174805,-2.299999952316284,118.0,16305411.0,RECORD@2020-11-22_12.25.47,78,1.0,truck,0.9409400224685668,0.922764778137207,1,-1.121,29.923
3652,945,530,1072,645,1.0145004987716677,29.99617385864257,-0.1263937652111053,1.2595237493515017,30.29010391235352,30.340740203857425,-2.400000095367432,115.0,31516712.0,RECORD@2020-11-22_12.25.47,79,1.0,truck,0.942041516304016,0.7429808378219604,1,-1.271,32.314
3653,950,525,1064,629,1.1542389392852783,32.55195236206055,0.1550271064043045,1.713467717170715,32.88397216796875,32.935672760009766,-3.0,112.0,55999132.0,RECORD@2020-11-22_12.25.47,80,1.0,truck,0.9248979687690736,0.7894913554191589,1,-1.724,34.891
3654,950,519,1054,621,1.1117289066314695,35.01153564453125,0.1369431465864181,1.5931826829910278,35.43798065185547,35.530601501464844,-2.5999999046325684,110.0,46560592.0,RECORD@2020-11-22_12.25.47,81,1.0,truck,0.9078532457351683,0.7940912246704102,1,-1.612,37.494
3655,947,524,1042,616,1.0720704793930054,37.43292999267578,0.1230632066726684,1.5063072443008425,37.90043640136719,37.925926208496094,-2.299999952316284,107.0,28852026.0,RECORD@2020-11-22_12.25.47,82,1.0,truck,0.920565128326416,0.8268786668777466,1,-1.522,39.895
3656,936,527,1030,612,0.875058650970459,39.75445556640625,0.1054318994283676,1.1429522037506104,40.27702331542969,40.32124710083008,-1.600000023841858,104.0,49611880.0,RECORD@2020-11-22_12.25.47,83,1.0,truck,0.8948908448219299,0.7804722189903259,1,-1.126,42.306
3657,937,528,1027,610,0.9732584357261658,42.0438117980957,0.0925177335739135,1.1749709844589231,42.68135833740234,42.71656799316406,-1.600000023841858,101.0,26468886.0,RECORD@2020-11-22_12.25.47,84,1.0,truck,0.9323059916496276,0.7047308087348938,1,-1.193,44.7
3658,938,528,1024,605,0.9336205124855042,44.22638320922852,0.075650930404663,0.8550271987915039,44.87663269042969,44.91227722167969,-1.100000023841858,97.0,27038706.0,RECORD@2020-11-22_12.25.47,85,1.0,truck,0.920400083065033,0.6825445890426636,1,-0.862,46.904
3659,939,525,1021,599,0.9753413200378418,46.36323547363281,0.0640174150466919,1.2179309129714966,46.86371994018555,46.90837860107422,-1.5,95.0,43628424.0,RECORD@2020-11-22_12.25.47,86,1.0,truck,0.936939537525177,0.499062031507492,1,-1.228,48.892
3660,938,529,1017,600,0.9432493448257446,48.43585205078125,0.0477666556835174,1.3605990409851074,49.09503173828125,49.10409164428711,-1.600000023841858,91.0,26022478.0,RECORD@2020-11-22_12.25.47,87,1.0,truck,0.9467794299125672,0.6034515500068665,1,-1.371,51.085
3661,936,529,1012,598,0.810789942741394,50.40423202514648,-0.1041476428508758,0.9063414931297302,50.87971115112305,50.90058135986328,-1.0,85.0,28123860.0,RECORD@2020-11-22_12.25.47,88,0.0,truck,0.95387864112854,0.5712467432022095,1,-0.888,52.893
3662,909,536,981,599,0.0092898784205317,56.98150634765625,-0.380609929561615,0.1007852926850318,57.47057342529297,57.48771667480469,-0.1000000014901161,63.0,21191624.0,RECORD@2020-11-22_12.25.47,89,1.0,truck,0.9404032230377196,0.6145826578140259,1,-0.1,59.488
3663,905,532,972,596,-0.1370234191417694,58.338623046875,-0.0184502601623535,0.1049353405833244,58.484962463378906,58.48576736450195,-0.1000000014901161,58.0,9348523.0,RECORD@2020-11-22_12.25.47,90,1.0,truck,0.9153748154640198,0.734110951423645,1,-0.102,60.486
3664,901,531,968,594,-0.3510663509368896,59.60148620605469,-0.1522419452667236,-0.4248086214065552,59.881492614746094,59.88303756713867,0.4000000059604645,54.0,15262379.0,RECORD@2020-11-22_12.25.47,91,1.0,truck,0.9683881402015686,0.6139122247695923,1,0.418,61.882
3665,895,526,962,587,-0.4502675235271454,60.77174758911133,-0.0340894162654876,-0.6960160732269287,61.06299591064453,61.0806999206543,0.6000000238418579,51.0,18414708.0,RECORD@2020-11-22_12.25.47,92,1.0,truck,0.9738568663597108,0.7070484161376953,1,0.64,63.077
3666,891,516,957,577,-0.6720917820930481,61.86338806152344,-0.0378448367118835,-0.5407845377922058,62.16620635986328,62.17855453491211,0.5,49.0,34680588.0,RECORD@2020-11-22_12.25.47,93,1.0,truck,0.873369574546814,0.6895990371704102,1,0.543,64.176
3667,887,516,952,575,-0.8417636752128601,62.965145111083984,0.613437831401825,-1.1077710390090942,63.342376708984375,63.37621307373047,1.0,47.0,11453829.0,RECORD@2020-11-22_12.25.47,94,0.0,truck,0.9457740187644958,0.6339453458786011,1,1.106,65.367
3668,883,515,943,575,-1.1574954986572266,63.95158004760742,-0.0517651438713073,-1.1852554082870483,64.37151336669922,64.47407531738281,1.0,44.0,21073276.0,RECORD@2020-11-22_12.25.47,95,1.0,truck,0.8825560808181763,0.5685940384864807,1,1.125,66.464
3669,879,514,939,573,-1.1905747652053833,64.89681243896484,0.6209636926651001,-1.087303876876831,65.25358581542969,65.27251434326172,0.8999999761581421,42.0,22853878.0,RECORD@2020-11-22_12.25.47,96,1.0,truck,0.9261074662208556,0.8189301490783691,1,1.025,67.264
3670,873,520,933,580,-1.444541335105896,65.77442932128906,-0.0641020536422729,-1.3867311477661133,66.24071502685547,66.27056121826172,1.2000000476837158,38.0,19933296.0,RECORD@2020-11-22_12.25.47,97,0.0,truck,0.8885864019393921,0.519508957862854,1,1.388,68.256
3671,869,517,929,577,-1.5770450830459597,66.55375671386719,0.6273480653762817,-1.5159252882003784,67.03573608398438,67.06900024414062,1.2999999523162842,34.0,30810932.0,RECORD@2020-11-22_12.25.47,98,1.0,truck,0.8624541163444519,0.5175896883010864,1,1.522,69.052
3672,865,523,924,578,-1.7806323766708374,67.2733383178711,-0.0740639865398407,-1.5314128398895264,67.60783386230469,67.66783142089844,1.2999999523162842,30.0,20086310.0,RECORD@2020-11-22_12.25.47,99,1.0,truck,0.9270033240318298,0.6774479746818542,1,1.535,69.65
3673,863,521,922,577,-1.8656127452850344,67.89071655273438,-0.0816058814525604,-1.7358165979385376,68.43147277832031,68.46627044677734,1.399999976158142,27.0,19244200.0,RECORD@2020-11-22_12.25.47,100,0.0,truck,0.946436882019043,0.698453962802887,1,1.673,70.446
3677,588,491,774,635,-3.322780132293701,20.986366271972656,0.5297205448150635,-2.9028377532958984,21.080698013305664,21.35828399658203,7.800000190734863,192.0,16764809.0,RECORD@2020-11-22_12.25.47,108,1.0,car,0.9624996185302734,0.9377054572105408,2,2.899,23.161
3677,889,505,945,555,-1.0320463180541992,70.7828369140625,0.8372205495834351,-0.7556717991828918,71.3834457397461,71.6600341796875,0.6000000238418579,8.0,12012640.0,RECORD@2020-11-22_12.25.47,108,1.0,truck,0.8939096331596375,0.502889096736908,1,0.75,73.656
3678,476,487,730,676,-3.0531599521636963,13.908340454101562,0.6134063005447388,-2.828974723815918,13.987921714782717,14.371929168701172,11.399999618530272,199.0,16375803.0,RECORD@2020-11-22_12.25.47,109,1.0,car,0.9378737807273864,0.9293619990348816,2,2.841,16.088
3678,893,506,951,556,-0.8005198240280151,70.97582244873047,0.6446632146835327,-0.619996964931488,71.94866180419922,71.95945739746094,0.5,9.0,11596050.0,RECORD@2020-11-22_12.25.47,109,1.0,truck,0.8849913477897644,0.7556819319725037,1,0.628,73.957
3679,148,476,635,813,-2.9345192909240723,6.8349385261535645,0.531449556350708,-2.4264378547668457,7.038507461547852,7.385574817657471,18.600000381469727,210.0,24324028.0,RECORD@2020-11-22_12.25.47,110,1.0,car,0.962559461593628,0.9420226216316224,2,2.356,9.0
3679,896,509,956,559,-0.5334075093269348,71.15669250488281,0.8394966125488281,-0.8732211589813232,71.54966735839844,71.6600341796875,0.699999988079071,10.0,22397210.0,RECORD@2020-11-22_12.25.47,110,1.0,truck,0.9061523079872132,0.5724132657051086,1,0.875,73.655
3680,917,516,976,566,0.1330945342779159,71.75592041015625,-0.1032240390777587,0.2524999976158142,72.25787353515625,72.25886535644531,-0.2000000029802322,4.0,14354878.0,RECORD@2020-11-22_12.25.47,111,1.0,truck,0.8612232804298401,0.7379801869392395,1,-0.252,74.258
3681,920,513,982,562,0.3936024010181427,71.81598663330078,0.647894024848938,0.638507068157196,72.85609436035156,72.85769653320312,-0.5,4.0,8494533.0,RECORD@2020-11-22_12.25.47,112,0.0,truck,0.8285242319107056,0.5359848737716675,1,-0.636,74.855
3682,930,509,988,559,0.7103828191757202,71.86798095703125,0.844213604927063,0.380400151014328,72.25787353515625,72.25886535644531,-0.3000000119209289,3.0,8584341.0,RECORD@2020-11-22_12.25.47,113,0.0,truck,0.9304404854774476,0.552919328212738,1,-0.378,74.258
3683,937,510,994,557,0.9825114607810974,71.90714263916016,0.6483197212219238,1.453155279159546,72.44509887695312,72.4584732055664,-1.2000000476837158,1.0,21711666.0,RECORD@2020-11-22_12.25.47,114,0.0,truck,0.851352870464325,0.6562756299972534,1,-1.517,74.443
3684,945,508,1003,556,1.2454196214675903,71.93909454345703,0.8448073863983154,1.887296199798584,72.23237609863281,72.25886535644531,-1.5,1.0,25059396.0,RECORD@2020-11-22_12.25.47,115,0.0,truck,0.8979359865188599,0.6182041168212891,1,-1.892,74.234
3685,955,507,1013,556,1.5285837650299072,71.93006896972656,0.6483970880508423,2.135801076889038,72.1331558227539,72.25886535644531,-1.7000000476837158,1.0,15449964.0,RECORD@2020-11-22_12.25.47,116,0.0,truck,0.9185652136802672,0.5738433003425598,1,-2.144,74.227
3686,965,506,1027,556,2.1223812103271484,71.92366027832031,0.8448733687400818,2.773408889770508,72.14877319335938,72.25886535644531,-2.200000047683716,1.0,14329755.0,RECORD@2020-11-22_12.25.47,117,0.0,truck,0.8673937320709229,0.534329891204834,1,-2.774,74.206
3687,978,511,1039,562,2.5398383140563965,71.9061508178711,0.6482036113739014,3.887084007263184,71.94684600830078,72.05925750732422,-3.0999999046325684,254.0,15670574.0,RECORD@2020-11-22_12.25.47,118,0.0,truck,0.9632205367088318,0.7186481952667236,1,-3.897,73.954
3688,995,512,1057,563,3.185299158096313,71.78367614746094,0.647932767868042,4.160515785217285,71.93971252441406,72.05925750732422,-3.299999952316284,254.0,21821954.0,RECORD@2020-11-22_12.25.47,119,0.0,truck,0.919120192527771,0.6598472595214844,1,-4.148,73.94
3689,1004,516,1067,567,3.583556652069092,71.71664428710938,0.8432570695877075,4.506918430328369,71.82621765136719,72.05925750732422,-3.5999999046325684,253.0,8400243.0,RECORD@2020-11-22_12.25.47,120,0.0,truck,0.9173436164855956,0.6310225129127502,1,-4.525,73.917
3690,1016,518,1078,570,4.02003812789917,71.63650512695312,0.6473910212516785,5.388121604919434,71.84540557861328,72.05925750732422,-4.300000190734863,253.0,23256190.0,RECORD@2020-11-22_12.25.47,121,0.0,truck,0.9387879967689514,0.611122727394104,1,-5.403,73.856
3691,1034,512,1095,562,4.65631103515625,71.43238067626953,0.6468493342399597,5.872709274291992,71.6075439453125,71.85964965820312,-4.699999809265137,252.0,13596361.0,RECORD@2020-11-22_12.25.47,122,0.0,truck,0.926777482032776,0.4979472160339355,1,-5.888,73.618
3693,1050,514,1113,567,5.241212368011475,71.17120361328125,0.6458820104598999,6.371160507202148,71.3762435913086,71.6600341796875,-5.099999904632568,250.0,13542487.0,RECORD@2020-11-22_12.25.47,124,0.0,truck,0.933409869670868,0.7134127616882324,1,-6.37,73.376
3694,1059,516,1123,570,5.597606182098389,71.02989959716797,-0.0995295643806457,6.165608406066895,71.89472961425781,72.1590576171875,-4.900000095367432,250.0,3335872.0,RECORD@2020-11-22_12.25.47,125,0.0,truck,0.9146230816841124,0.6390282511711121,1,-6.164,73.895
3695,1068,517,1131,570,5.9086527824401855,70.8547134399414,0.6448953151702881,6.726008892059326,71.1431884765625,71.4604263305664,-5.400000095367432,250.0,8975164.0,RECORD@2020-11-22_12.25.47,126,1.0,truck,0.9674957990646362,0.836125910282135,1,-6.725,73.143
3696,1074,520,1137,573,6.045324802398682,70.71435546875,-0.0982760936021804,7.138104438781738,70.8659896850586,71.26081848144531,-5.800000190734863,250.0,5063967.5,RECORD@2020-11-22_12.25.47,127,1.0,truck,0.966970682144165,0.8557584285736084,1,-7.201,72.896
3697,1084,522,1148,578,6.590311050415039,70.51971435546875,-0.1009717881679534,7.526524543762207,70.76434326171875,71.1610107421875,-6.099999904632568,250.0,3704453.75,RECORD@2020-11-22_12.25.47,128,1.0,truck,0.8805941939353943,0.6846092343330383,1,-7.562,72.758
3698,1094,518,1156,574,6.748440265655518,70.3912582397461,-0.0962969064712524,7.236660003662109,70.62103271484375,71.06120300292969,-5.900000095367432,250.0,3639035.75,RECORD@2020-11-22_12.25.47,129,1.0,truck,0.8966793417930603,0.8144577145576477,1,-7.305,72.685
3699,1102,527,1167,582,7.177430152893066,70.20524597167969,-0.0995076894760131,7.581721782684326,70.5660400390625,70.96139526367188,-6.199999809265137,250.0,5938883.5,RECORD@2020-11-22_12.25.47,130,0.0,truck,0.9387616515159608,0.7763559818267822,1,-7.664,72.546
3700,1110,527,1174,582,7.479515552520752,70.02400970458984,-0.0949444472789764,8.117979049682617,70.68338012695312,71.1610107421875,-6.599999904632568,250.0,4875105.0,RECORD@2020-11-22_12.25.47,131,0.0,truck,0.908315122127533,0.4936700761318207,1,-8.179,72.689
3701,1117,522,1179,576,7.699364185333252,69.90005493164062,0.6418192386627197,8.17940616607666,70.1461181640625,70.6619873046875,-6.599999904632568,251.0,4966238.5,RECORD@2020-11-22_12.25.47,132,1.0,truck,0.943509578704834,0.5714961290359497,1,-8.122,72.194
3702,1121,530,1184,584,7.8817138671875,69.759765625,-0.0934600532054901,8.122661590576172,70.20764923095703,70.6619873046875,-6.599999904632568,252.0,8436633.0,RECORD@2020-11-22_12.25.47,133,0.0,truck,0.8968871831893921,0.7475065588951111,1,-8.122,72.194
3703,1128,515,1191,570,8.191532135009766,69.63887023925781,0.6411227583885193,8.563831329345703,69.98094177246094,70.46237182617188,-7.0,252.0,5495080.5,RECORD@2020-11-22_12.25.47,134,1.0,truck,0.9317544102668762,0.8589949607849121,1,-8.587,71.937
3704,1132,518,1195,572,8.195528984069824,69.55353546142578,-0.0917447507381439,8.734898567199707,69.9370346069336,70.46237182617188,-7.099999904632568,252.0,7154376.0,RECORD@2020-11-22_12.25.47,135,1.0,truck,0.9383978843688964,0.7900673747062683,1,-8.709,71.922
3705,1136,514,1199,571,8.312567710876465,69.3175048828125,-0.090491235256195,9.293664932250977,69.64541625976562,70.26276397705078,-7.599999904632568,251.0,7650473.0,RECORD@2020-11-22_12.25.47,136,0.0,truck,0.9139018654823304,0.8383281230926514,1,-9.293,71.646
3706,1134,512,1196,568,8.389138221740723,69.18059539794922,0.6394976377487183,9.696301460266112,69.18350982666016,69.8635482788086,-8.0,251.0,13872723.0,RECORD@2020-11-22_12.25.47,137,1.0,truck,0.8810549974441528,0.739371657371521,1,-9.723,71.184
3707,1129,514,1193,572,8.089452743530273,69.17530059814453,-0.0892378091812133,9.265851020812988,69.43698120117188,70.06315612792969,-7.599999904632568,251.0,6950749.5,RECORD@2020-11-22_12.25.47,138,1.0,truck,0.840816080570221,0.7901241779327393,1,-9.266,71.448
3709,1125,510,1188,564,8.041994094848633,68.90355682373047,0.8275225162506104,9.3349609375,69.01925659179688,69.66393280029297,-7.699999809265137,251.0,28498956.0,RECORD@2020-11-22_12.25.47,140,0.0,truck,0.8818119764328003,0.7340895533561707,1,-9.334,71.036
3710,1122,508,1185,562,7.943572044372559,68.81204223632812,0.6379886269569397,9.040434837341309,69.03565979003906,69.66393280029297,-7.5,251.0,11409381.0,RECORD@2020-11-22_12.25.47,141,0.0,truck,0.8756571412086487,0.5279667973518372,1,-9.093,71.068
3711,1118,507,1183,561,7.816669464111328,68.72307586669922,0.8261370658874512,8.175285339355469,69.58455657958984,70.06315612792969,-6.699999809265137,251.0,7401351.0,RECORD@2020-11-22_12.25.47,142,1.0,truck,0.8959159255027771,0.4441745579242706,1,-8.174,71.585
3712,1117,508,1180,561,7.773082733154297,68.61447143554688,0.63725346326828,8.320358276367188,69.2971420288086,69.8635482788086,-6.900000095367432,252.0,6733157.5,RECORD@2020-11-22_12.25.47,143,1.0,truck,0.943311870098114,0.7616965770721436,1,-8.393,71.358
3713,1114,508,1177,561,7.641202449798584,68.54074096679688,0.8249495625495911,8.297294616699219,68.78425598144531,69.26471710205078,-6.900000095367432,252.0,17503152.0,RECORD@2020-11-22_12.25.47,144,0.0,truck,0.9221750497817992,0.8037645816802979,1,-8.321,70.763
3714,1112,510,1173,567,7.490011215209961,68.48632049560547,0.6364408731460571,8.28684139251709,68.47080993652344,69.06510162353516,-6.900000095367432,253.0,25920356.0,RECORD@2020-11-22_12.25.47,145,1.0,truck,0.906078577041626,0.7105828523635864,1,-8.297,70.565
3715,1110,506,1170,561,7.464456558227539,68.41120910644531,0.8239599466323853,8.393540382385254,68.73347473144531,69.26471710205078,-7.0,254.0,23051746.0,RECORD@2020-11-22_12.25.47,146,0.0,truck,0.939789354801178,0.5678502917289734,1,-8.441,70.748
3716,1104,510,1164,564,7.15213680267334,68.38125610351562,0.6360152959823608,7.983773231506348,68.5687026977539,69.06510162353516,-6.599999904632568,254.0,8288579.5,RECORD@2020-11-22_12.25.47,147,0.0,truck,0.9303078055381776,0.4653047025203705,1,-7.938,70.607
3717,1098,509,1158,563,6.926778793334961,68.37226867675781,0.8231682777404785,8.13125991821289,68.47285461425781,68.96530151367188,-6.800000190734863,254.0,25315966.0,RECORD@2020-11-22_12.25.47,148,0.0,truck,0.897543728351593,0.655657947063446,1,-8.166,70.48
3718,1092,502,1151,555,6.665257930755615,68.34605407714844,0.6357057094573975,7.664834022521973,68.55128479003906,68.96530151367188,-6.400000095367432,254.0,10023099.0,RECORD@2020-11-22_12.25.47,149,0.0,truck,0.910607635974884,0.5626921653747559,1,-7.687,70.536
3719,1059,514,1116,568,5.47757625579834,68.22830963134766,0.6347383856773376,5.925416469573975,68.57713317871094,68.86549377441406,-4.900000095367432,253.0,9174798.0,RECORD@2020-11-22_12.25.47,150,0.0,truck,0.8893045783042908,0.621891438961029,1,-5.882,70.614
3720,1051,519,1107,573,5.047576904296875,68.20855712890625,-0.0811890959739685,5.547033309936523,68.6572265625,68.86549377441406,-4.599999904632568,253.0,12191836.0,RECORD@2020-11-22_12.25.47,151,0.0,truck,0.9436874985694884,0.5952014923095703,1,-5.523,70.644
3721,1038,514,1095,568,4.694302082061768,68.16014099121094,0.6342353820800781,5.388415336608887,68.46343231201172,68.66588592529297,-4.5,253.0,21854286.0,RECORD@2020-11-22_12.25.47,152,0.0,truck,0.94285386800766,0.6908746361732483,1,-5.387,70.454
3722,1026,523,1082,576,4.113688945770264,68.11369323730469,-0.0801994800567627,4.627978324890137,68.502685546875,68.66588592529297,-3.900000095367432,252.0,10549738.0,RECORD@2020-11-22_12.25.47,153,0.0,truck,0.9431940317153932,0.6522738337516785,1,-4.67,70.507
3723,1011,531,1071,581,3.8320798873901367,68.06268310546875,-0.0835358202457428,4.211189270019531,68.42750549316406,68.56607818603516,-3.5,252.0,30322570.0,RECORD@2020-11-22_12.25.47,154,0.0,truck,0.90959632396698,0.4826907813549042,1,-4.186,70.438
3724,1000,530,1059,584,3.2382407188415527,67.97481536865234,-0.0790779590606689,3.625999212265015,68.3348159790039,68.46627044677734,-3.0,252.0,14617730.0,RECORD@2020-11-22_12.25.47,155,1.0,truck,0.938510537147522,0.4831923544406891,1,-3.583,70.372
3725,983,526,1040,581,2.5455000400543213,67.79263305664062,-0.0775275826454162,2.901470184326172,68.16519165039062,68.26666259765625,-2.400000095367432,251.0,10017067.0,RECORD@2020-11-22_12.25.47,156,0.0,truck,0.9652717113494872,0.5760732293128967,1,-2.859,70.207
3726,977,531,1035,585,2.408223390579224,67.71296691894531,-0.0808072686195373,2.651816844940185,68.0121841430664,68.06705474853516,-2.200000047683716,251.0,10892139.0,RECORD@2020-11-22_12.25.47,157,0.0,truck,0.931271195411682,0.5656474232673645,1,-2.613,70.017
3727,971,526,1030,580,2.1400837898254395,67.5722427368164,-0.0759772062301635,2.195044994354248,68.13334655761719,68.16685485839844,-1.899999976158142,250.0,12674873.0,RECORD@2020-11-22_12.25.47,158,0.0,truck,0.9235938787460328,0.6175299882888794,1,-2.26,70.129
3728,966,523,1024,577,1.984800934791565,67.4394302368164,0.6308304071426392,1.960519552230835,67.84095764160156,67.86744689941406,-1.7000000476837158,250.0,22468144.0,RECORD@2020-11-22_12.25.47,159,0.0,truck,0.9673046469688416,0.5701627731323242,1,-2.013,69.838
3729,959,524,1019,578,1.7239744663238523,67.32283020019531,-0.0742619037628173,2.119845628738404,67.83062744140625,67.86744689941406,-1.7999999523162842,250.0,14600456.0,RECORD@2020-11-22_12.25.47,160,0.0,truck,0.9029971957206726,0.6335778832435608,1,-2.132,69.834
3730,937,526,997,581,0.9126735329627992,66.78001403808594,-0.0706334114074707,1.2846535444259644,67.05876922607422,67.06900024414062,-1.100000023841858,250.0,27593078.0,RECORD@2020-11-22_12.25.47,161,0.0,truck,0.8574003577232361,0.5225505232810974,1,-1.288,69.057
3731,933,527,993,583,0.8578478693962097,66.63798522949219,-0.0734202563762664,1.171272039413452,66.85094451904297,66.86939239501953,-1.0,250.0,8537941.0,RECORD@2020-11-22_12.25.47,162,0.0,truck,0.9143661856651306,0.8308472037315369,1,-1.167,68.859
3732,930,519,990,576,0.620875895023346,66.52739715576172,-0.0689181089401245,1.185396432876587,67.46781921386719,67.46822357177734,-1.0,250.0,7195659.5,RECORD@2020-11-22_12.25.47,163,0.0,truck,0.8330237865447998,0.8221310973167419,1,-1.177,69.458
3733,925,513,986,568,0.489703893661499,66.39141082763672,0.6268450021743774,0.8276413679122925,67.66277313232422,67.66783142089844,-0.699999988079071,251.0,8929016.0,RECORD@2020-11-22_12.25.47,164,1.0,truck,0.8762603998184204,0.6037112474441528,1,-0.827,69.663
3734,923,514,983,570,0.3869258761405945,66.27023315429688,0.806938886642456,0.3489621579647064,66.66968536376953,66.66978454589844,-0.3000000119209289,251.0,22267400.0,RECORD@2020-11-22_12.25.47,165,0.0,truck,0.9136494994163512,0.7824718356132507,1,-0.349,68.669
3735,918,514,980,569,0.2586010694503784,66.17385864257812,0.6259163618087769,0.6926964521408081,66.27046203613281,66.27056121826172,-0.6000000238418579,251.0,15427932.0,RECORD@2020-11-22_12.25.47,166,0.0,truck,0.9179450869560242,0.5894886255264282,1,-0.694,68.267
3736,917,517,978,573,0.1732796430587768,66.03118896484375,-0.0654875189065933,0.2319331020116806,66.17933654785156,66.27056121826172,-0.2000000029802322,251.0,10465136.0,RECORD@2020-11-22_12.25.47,167,1.0,truck,0.9530820250511168,0.6897010803222656,1,-0.231,68.27
3737,914,506,974,560,0.0428642109036445,65.92912292480469,0.6251424551010132,0.461481511592865,66.2698974609375,66.27056121826172,-0.4000000059604645,251.0,20934194.0,RECORD@2020-11-22_12.25.47,168,0.0,truck,0.9526808261871338,0.725977897644043,1,-0.463,68.269
3738,912,502,973,558,0.1189992651343345,65.8305435180664,0.8044319152832031,0.4691612124443054,66.66938018798828,66.66978454589844,-0.4000000059604645,251.0,14418100.0,RECORD@2020-11-22_12.25.47,169,0.0,truck,0.9035379886627196,0.6602763533592224,1,-0.465,68.668
3739,914,503,972,557,-0.009836652316153,65.7280502319336,0.6243686676025391,-0.1159495413303375,66.35900115966797,66.37036895751953,0.1000000014901161,251.0,17598208.0,RECORD@2020-11-22_12.25.47,170,0.0,truck,0.909291923046112,0.7073065638542175,1,0.116,68.37
3740,914,498,973,554,0.1069984883069992,65.58687591552734,1.4919288158416748,0.4056049287319183,65.86067199707031,65.97114562988281,-0.4000000059604645,251.0,22868564.0,RECORD@2020-11-22_12.25.47,171,1.0,truck,0.9419977068901062,0.635989785194397,1,-0.461,67.97
3741,916,497,974,555,0.0982358902692794,65.4687728881836,1.4864439964294434,-0.3491934239864349,66.2680435180664,66.27056121826172,0.3000000119209289,250.0,8028272.5,RECORD@2020-11-22_12.25.47,172,0.0,truck,0.9263402223587036,0.7041164040565491,1,0.347,68.27
3742,889,480,954,538,-0.5897546410560608,63.83838653564453,2.132208824157715,-0.890404462814331,64.10208129882812,64.17465209960938,0.800000011920929,247.0,25830570.0,RECORD@2020-11-22_12.25.47,178,1.0,truck,0.9582148194313048,0.641033411026001,1,0.896,66.168
3743,866,482,931,540,-1.4250473976135254,63.424049377441406,1.4576871395111084,-1.7712002992630005,63.84714889526367,63.87524032592773,1.600000023841858,247.0,29908478.0,RECORD@2020-11-22_12.25.47,180,1.0,truck,0.9596550464630128,0.6040796041488647,1,1.784,65.85
3744,851,480,919,540,-1.7815659046173096,63.225921630859375,2.1133623123168945,-2.224167823791504,63.47788238525391,63.575828552246094,2.0,247.0,10169685.0,RECORD@2020-11-22_12.25.47,181,0.0,truck,0.8900886178016663,0.6576153039932251,1,2.219,65.537
3745,841,482,906,542,-2.319138765335083,63.02911376953125,1.449982762336731,-2.748817205429077,63.32381439208984,63.47602081298828,2.5,247.0,13624040.0,RECORD@2020-11-22_12.25.47,182,0.0,truck,0.9093714356422424,0.6838048100471497,1,2.769,65.416
3746,834,483,901,543,-2.4815514087677,62.80266189575195,1.4439566135406494,-2.801638126373291,63.02755737304688,63.176605224609375,2.5,247.0,11076761.0,RECORD@2020-11-22_12.25.47,183,0.0,truck,0.938757598400116,0.7262955904006958,1,2.756,65.116
3747,827,484,896,545,-2.6883082389831543,62.64630126953125,1.4429632425308228,-2.838474035263061,62.99169158935547,63.07680130004883,2.5999999046325684,248.0,14958001.0,RECORD@2020-11-22_12.25.47,184,0.0,truck,0.903512716293335,0.4676966965198517,1,2.861,65.012
3748,805,498,870,557,-3.488566875457764,61.81890106201172,1.4291809797286987,-3.614506959915161,62.15932083129883,62.278358459472656,3.299999952316284,248.0,13945004.0,RECORD@2020-11-22_12.25.47,185,0.0,truck,0.9055377840995787,0.7373399138450623,1,3.585,64.175
3749,796,494,864,554,-3.7014317512512207,61.63742065429688,1.4229689836502075,-3.9267969131469727,61.89460754394531,62.07875061035156,3.5999999046325684,248.0,14810524.0,RECORD@2020-11-22_12.25.47,186,0.0,truck,0.9424043893814088,0.6947109699249268,1,3.898,63.956
3750,789,487,859,548,-3.899277210235596,61.45004653930664,1.423274278640747,-4.207224845886231,61.541648864746094,61.67953109741211,3.900000095367432,249.0,17686984.0,RECORD@2020-11-22_12.25.47,187,0.0,truck,0.9383347034454346,0.6101241707801819,1,4.195,63.537
3751,783,484,852,546,-4.022226333618164,61.28580474853516,1.4190443754196167,-4.078169822692871,61.63409805297852,61.779335021972656,3.799999952316284,249.0,13945296.0,RECORD@2020-11-22_12.25.47,188,1.0,truck,0.9080973863601683,0.5827581882476807,1,4.094,63.644
3752,776,482,846,543,-4.370149612426758,61.09931182861328,1.4190797805786133,-4.608828544616699,61.38996505737305,61.57972717285156,4.300000190734863,250.0,14334379.0,RECORD@2020-11-22_12.25.47,189,0.0,truck,0.920038878917694,0.7781717777252197,1,4.617,63.406
3753,770,481,841,543,-4.34023380279541,60.96755599975586,2.0547444820404053,-4.894772529602051,61.245487213134766,61.47991943359375,4.599999904632568,250.0,9625211.0,RECORD@2020-11-22_12.25.47,190,0.0,truck,0.884391725063324,0.6972959637641907,1,4.931,63.282
3754,768,486,838,549,-4.547516345977783,60.843017578125,1.4136866331100464,-4.790756702423096,61.082984924316406,61.28030776977539,4.5,250.0,16459880.0,RECORD@2020-11-22_12.25.47,191,0.0,truck,0.8946881890296936,0.5787216424942017,1,4.808,63.091
3755,769,490,836,553,-4.542032241821289,60.703033447265625,1.4084651470184326,-4.804215908050537,61.05425262451172,61.28030776977539,4.5,251.0,10092954.0,RECORD@2020-11-22_12.25.47,192,0.0,truck,0.8895241022109985,0.8069891929626465,1,4.808,63.091
3756,768,493,835,554,-4.631894111633301,60.58021926879883,1.4092351198196411,-4.72312068939209,60.88733673095703,61.0806999206543,4.400000095367432,251.0,21085126.0,RECORD@2020-11-22_12.25.47,193,0.0,truck,0.9038607478141784,0.5281776189804077,1,4.686,62.901
3757,769,492,834,555,-4.663210868835449,60.45558547973633,1.4040287733078003,-4.835529804229736,60.82929992675781,61.0806999206543,4.5,251.0,7990428.0,RECORD@2020-11-22_12.25.47,194,1.0,truck,0.8944619297981262,0.6578589677810669,1,4.792,62.892
3758,768,492,834,555,-4.618405342102051,60.34959411621094,1.405811071395874,-4.743788242340088,60.68423461914063,60.88108825683594,4.5,251.0,27495334.0,RECORD@2020-11-22_12.25.47,195,0.0,truck,0.9055218696594238,0.5711294412612915,1,4.777,62.693
3759,772,495,838,555,-4.50704288482666,60.24589157104492,1.4001896381378174,-4.759444713592529,60.61029815673828,60.88108825683594,4.5,251.0,16829842.0,RECORD@2020-11-22_12.25.47,196,0.0,truck,0.9544488787651062,0.600846529006958,1,4.777,62.693
3760,801,482,866,544,-3.5699446201324463,59.868648529052734,2.023435592651367,-3.509456157684326,60.4004135131836,60.48186874389648,3.299999952316284,252.0,10313217.0,RECORD@2020-11-22_12.25.47,197,0.0,truck,0.9150270223617554,0.6186976432800293,1,3.482,62.382
3761,811,480,880,542,-3.223744630813598,59.79025268554688,1.3972506523132324,-3.26430082321167,60.28916549682617,60.38206481933594,3.0999999046325684,251.0,21830104.0,RECORD@2020-11-22_12.25.47,198,0.0,truck,0.9345802068710328,0.8205054998397827,1,3.265,62.294
3762,842,490,905,549,-2.242220640182495,59.48243713378906,1.3886046409606934,-1.9879064559936523,59.95433807373047,59.98284149169922,1.899999976158142,250.0,20279884.0,RECORD@2020-11-22_12.25.47,201,0.0,truck,0.8999564051628113,0.5659976601600647,1,1.989,61.95
3763,852,491,915,552,-1.907125353813172,59.355228424072266,1.3833823204040527,-1.8738703727722168,59.846588134765625,59.88303756713867,1.7999999523162842,251.0,20891048.0,RECORD@2020-11-22_12.25.47,202,0.0,truck,0.9276413321495056,0.7013112902641296,1,1.881,61.853
3764,859,496,922,556,-1.7262678146362305,59.25011444091797,1.38441002368927,-2.046785831451416,59.87479782104492,59.88303756713867,1.899999976158142,251.0,14645596.0,RECORD@2020-11-22_12.25.47,203,0.0,truck,0.9322962760925292,0.6852005124092102,1,1.985,61.85
3765,864,495,928,555,-1.5672657489776611,59.1312255859375,1.3791165351867676,-1.4549274444580078,59.65718460083008,59.68342971801758,1.399999976158142,251.0,26378658.0,RECORD@2020-11-22_12.25.47,204,0.0,truck,0.9413213729858398,0.720350980758667,1,1.458,61.666
3766,870,495,936,553,-1.3355610370635986,59.02782440185547,1.380300998687744,-1.1409342288970947,59.87202072143555,59.88303756713867,1.100000023841858,250.0,22545758.0,RECORD@2020-11-22_12.25.47,205,0.0,truck,0.9375916123390198,0.7381964325904846,1,1.15,61.872
3767,877,502,942,562,-1.0868908166885376,58.9015007019043,1.3745094537734983,-0.9272369146347046,59.47249984741211,59.48381805419922,0.8999999761581421,250.0,14905652.0,RECORD@2020-11-22_12.25.47,206,1.0,truck,0.9288620352745056,0.7396479845046997,1,0.934,61.476
3768,888,504,952,564,-0.6792420744895935,58.77814483642578,1.375335931777954,-0.6128813028335571,59.25830841064453,59.284210205078125,0.6000000238418579,250.0,30995910.0,RECORD@2020-11-22_12.25.47,207,0.0,truck,0.9513448476791382,0.7394970059394836,1,0.621,61.281
3769,896,502,960,563,-0.5138322114944458,58.65365982055664,1.3699023723602295,-0.2046948075294494,59.07501983642578,59.084598541259766,0.2000000029802322,251.0,40260044.0,RECORD@2020-11-22_12.25.47,208,0.0,truck,0.962629497051239,0.8053433895111084,1,0.206,61.084
3770,911,510,979,571,0.1231345608830452,58.25089263916016,0.5952714085578918,0.6110796332359314,58.68394470214844,58.68537902832031,-0.6000000238418579,251.0,37526156.0,RECORD@2020-11-22_12.25.47,209,0.0,truck,0.9466798305511476,0.7509030699729919,1,-0.615,60.682
3771,914,515,979,576,0.0917732268571853,58.123653411865234,0.7533029317855835,0.3585034012794494,58.56538391113281,58.5855712890625,-0.4000000059604645,251.0,25490632.0,RECORD@2020-11-22_12.25.47,210,0.0,truck,0.942922830581665,0.8170457482337952,1,-0.409,60.584
3772,915,512,981,574,0.2413988709449768,58.02176284790039,0.5944201946258545,0.5076268315315247,58.36228561401367,58.385963439941406,-0.5,251.0,32412028.0,RECORD@2020-11-22_12.25.47,211,0.0,truck,0.9701438546180724,0.6234413385391235,1,-0.51,60.384
3773,915,510,982,572,0.1771341413259506,57.888484954833984,0.75171959400177,0.40772345662117,58.18493270874024,58.18635559082031,-0.4000000059604645,250.0,19965958.0,RECORD@2020-11-22_12.25.47,212,0.0,truck,0.951278567314148,0.7319810390472412,1,-0.406,60.185
3774,915,515,983,580,0.1669178009033203,57.74941253662109,0.5933367609977722,0.6069865822792053,58.07052612304688,58.0865478515625,-0.6000000238418579,250.0,20774252.0,RECORD@2020-11-22_12.25.47,213,0.0,truck,0.9211822748184204,0.6684777736663818,1,-0.608,60.083
3775,915,518,983,581,0.1826661378145218,57.62611389160156,0.7498063445091248,0.7080118060112,57.88375473022461,57.88693618774414,-0.699999988079071,250.0,18850636.0,RECORD@2020-11-22_12.25.47,214,1.0,truck,0.9479566216468812,0.6882914900779724,1,-0.707,59.883
3776,916,518,983,582,0.166135549545288,57.50255584716797,0.5923306941986084,0.4118496477603912,58.08512878417969,58.0865478515625,-0.4000000059604645,251.0,13978622.0,RECORD@2020-11-22_12.25.47,215,0.0,truck,0.9628608226776124,0.6676174402236938,1,-0.406,60.085
3777,917,516,984,578,0.1860670447349548,57.39603042602539,0.7484209537506104,0.4034730792045593,57.86480712890625,57.88693618774414,-0.4000000059604645,251.0,16198475.0,RECORD@2020-11-22_12.25.47,216,0.0,truck,0.9693191647529602,0.7066051959991455,1,-0.404,59.886
3778,915,510,985,575,0.2195322811603546,57.27227783203125,0.5915568470954895,0.8544913530349731,57.65568542480469,57.68732833862305,-0.8999999761581421,251.0,10763122.0,RECORD@2020-11-22_12.25.47,217,1.0,truck,0.9203788638114928,0.5764739513397217,1,-0.906,59.68
3779,917,512,987,575,0.283042699098587,57.16741943359375,0.7469695210456848,0.4007419049739837,57.586952209472656,57.5875244140625,-0.4000000059604645,251.0,31344104.0,RECORD@2020-11-22_12.25.47,218,0.0,truck,0.9351815581321716,0.7532398104667664,1,-0.402,59.586
3780,921,510,990,574,0.3345202207565307,57.07161712646485,0.5907056331634521,0.4600865542888641,57.48631286621094,57.48771667480469,-0.5,251.0,23076098.0,RECORD@2020-11-22_12.25.47,219,0.0,truck,0.946899712085724,0.7035920023918152,1,-0.502,59.486
3781,922,508,990,571,0.3782283663749695,56.91921615600586,0.7455180883407593,0.6066168546676636,57.27623748779297,57.2881088256836,-0.6000000238418579,251.0,27750192.0,RECORD@2020-11-22_12.25.47,220,0.0,truck,0.9565633535385132,0.5212567448616028,1,-0.6,59.285
3782,927,498,992,558,0.5247078537940979,56.468170166015625,1.3361291885375977,0.6069865822792053,57.072750091552734,57.088497161865234,-0.6000000238418579,251.0,31634880.0,RECORD@2020-11-22_12.25.47,221,0.0,truck,0.9071057438850404,0.6132069230079651,1,-0.598,59.085
3783,928,490,996,552,0.5486244559288025,56.35110855102539,1.3316810131072998,0.9900038242340088,56.6719970703125,56.68927764892578,-1.0,251.0,25503998.0,RECORD@2020-11-22_12.25.47,222,0.0,truck,0.9331097602844238,0.6929413676261902,1,-0.989,58.681
3784,933,499,1001,561,0.781863808631897,56.24873352050781,1.332533836364746,0.9971275329589844,56.6671142578125,56.68927764892578,-1.0,251.0,41944600.0,RECORD@2020-11-22_12.25.47,223,0.0,truck,0.931921124458313,0.5727871656417847,1,-0.989,58.681
3785,932,497,999,558,0.7626020908355713,56.189109802246094,1.3279271125793457,0.8837378025054932,56.65210723876953,56.68927764892578,-0.8999999761581421,252.0,20125486.0,RECORD@2020-11-22_12.25.47,224,0.0,truck,0.9424557089805604,0.7000890970230103,1,-0.89,58.682
3786,932,499,1000,560,0.7278587222099304,56.05344009399414,1.3291096687316897,1.0852446556091309,56.67233657836914,56.68927764892578,-1.100000023841858,252.0,38638516.0,RECORD@2020-11-22_12.25.47,225,0.0,truck,0.9775214195251464,0.5384405255317688,1,-1.088,58.679
3787,934,497,1001,561,0.7895034551620483,55.98551940917969,1.3249409198760986,0.9037793278694152,56.45309829711914,56.48966598510742,-0.8999999761581421,253.0,16195813.0,RECORD@2020-11-22_12.25.47,226,0.0,truck,0.965833842754364,0.596855878829956,1,-0.887,58.483
3788,933,497,1001,560,0.7897806167602539,55.899356842041016,1.326541543006897,0.9971275329589844,56.47481536865234,56.48966598510742,-1.0,253.0,26097330.0,RECORD@2020-11-22_12.25.47,227,0.0,truck,0.961005687713623,0.565396249294281,1,-0.986,58.481
3789,934,498,1001,560,0.787502646446228,55.8370246887207,1.3224668502807615,0.9790984988212584,56.37936401367188,56.38986206054688,-1.0,253.0,22111746.0,RECORD@2020-11-22_12.25.47,228,0.0,truck,0.9396068453788756,0.6008031368255615,1,-0.984,58.381
3790,933,498,1000,559,0.7306749820709229,55.76792907714844,1.3241446018218994,1.2687933444976809,56.24799346923828,56.29005813598633,-1.2999999523162842,253.0,16882902.0,RECORD@2020-11-22_12.25.47,229,1.0,truck,0.93265962600708,0.6537290215492249,1,-1.277,58.276
3792,932,497,997,557,0.6945968270301819,55.6524658203125,1.322432518005371,0.8975030779838562,56.281471252441406,56.29005813598633,-0.8999999761581421,254.0,26091500.0,RECORD@2020-11-22_12.25.47,231,0.0,truck,0.895783543586731,0.5548396110534668,1,-0.884,58.283
3793,930,496,996,556,0.5971260666847229,55.627254486083984,1.318798303604126,0.6859345436096191,56.07770919799805,56.09044647216797,-0.699999988079071,254.0,25523278.0,RECORD@2020-11-22_12.25.47,232,0.0,truck,0.899232804775238,0.6540008187294006,1,-0.685,58.086
3794,929,503,995,563,0.6076382994651794,55.58164596557617,1.3207204341888428,0.6336060762405396,56.08830261230469,56.09044647216797,-0.699999988079071,254.0,38522792.0,RECORD@2020-11-22_12.25.47,233,0.0,truck,0.9088301062583924,0.6944279670715332,1,-0.685,58.086
3795,927,510,994,570,0.5688849091529846,55.53897476196289,0.7362818717956543,0.7794463634490967,56.03611755371094,56.09044647216797,-0.800000011920929,1.0,14328543.0,RECORD@2020-11-22_12.25.47,234,0.0,truck,0.911000907421112,0.6635448336601257,1,-0.783,58.085
3796,927,506,994,568,0.5852922201156616,55.50637435913086,0.9498599171638488,0.6859345436096191,56.08907699584961,56.09044647216797,-0.699999988079071,1.0,13206737.0,RECORD@2020-11-22_12.25.47,235,0.0,truck,0.9192497730255128,0.5636711716651917,1,-0.685,58.086
3797,927,505,993,565,0.5742757320404053,55.52052688598633,1.3198643922805786,0.9796952605247498,55.980224609375,55.99063873291016,-1.0,1.0,28149082.0,RECORD@2020-11-22_12.25.47,236,0.0,truck,0.8659136891365051,0.5489974617958069,1,-0.977,57.982
3805,924,503,992,567,0.3940043151378631,55.672794342041016,0.5855594277381897,0.6826607584953308,56.13103103637695,56.19025421142578,-0.699999988079071,2.0,32633192.0,RECORD@2020-11-22_12.25.47,245,0.0,truck,0.9419735670089722,0.7542688250541687,1,-0.686,58.186
3805,849,509,902,556,-2.413489818572998,78.37225341796875,0.6733928322792053,-2.453579425811768,78.70539855957031,78.74620056152344,1.7999999523162842,193.0,7065200.5,RECORD@2020-11-22_12.25.47,245,0.0,truck,0.9502768516540528,0.7214832901954651,3,2.473,80.707
3808,931,495,999,558,0.7519717216491699,56.00625228881836,1.3251969814300537,0.5902421474456787,56.48958206176758,56.48966598510742,-0.6000000238418579,3.0,12784726.0,RECORD@2020-11-22_12.25.47,249,1.0,truck,0.9441110491752625,0.6822107434272766,1,-0.592,58.487
3808,747,497,857,585,-3.06884241104126,36.06993865966797,0.9870046377182008,-2.691831350326538,36.25579071044922,36.329044342041016,4.300000190734863,204.0,11154732.0,RECORD@2020-11-22_12.25.47,249,1.0,truck,0.944056749343872,0.8387429714202881,3,2.724,38.227
3808,839,506,889,557,-2.7524421215057373,66.04586029052734,0.6263033151626587,-2.658633232116699,66.22174835205078,66.27056121826172,2.299999952316284,196.0,6894784.0,RECORD@2020-11-22_12.25.47,249,1.0,car,0.5625845193862915,0.8622214794158936,4,2.66,68.217
3809,932,498,1002,562,0.791976809501648,56.04930877685547,1.3289384841918943,1.1044185161590576,56.4865608215332,56.48966598510742,-1.100000023841858,3.0,16101485.0,RECORD@2020-11-22_12.25.47,250,1.0,truck,0.9375102519989014,0.5616320967674255,1,-1.084,58.479
3809,703,495,839,607,-3.084828615188598,29.21975517272949,0.5642904043197632,-3.098805427551269,29.53707504272461,29.74190902709961,5.900000095367432,209.0,20774578.0,RECORD@2020-11-22_12.25.47,250,1.0,truck,0.92488294839859,0.4540177583694458,3,3.057,31.584
3809,829,515,884,563,-2.378730058670044,59.32099914550781,0.761945366859436,-2.267305374145508,59.24442672729492,59.284210205078125,2.200000047683716,195.0,7738316.0,RECORD@2020-11-22_12.25.47,250,1.0,car,0.8189233541488647,0.8929213881492615,4,2.276,61.241
3810,634,502,803,645,-3.055520534515381,22.55413246154785,0.4588394165039062,-2.836540937423706,22.775712966918945,22.95516395568848,7.099999904632568,214.0,30208530.0,RECORD@2020-11-22_12.25.47,251,1.0,truck,0.9376280307769777,0.5841914415359497,3,2.837,24.779
3810,932,507,999,571,0.6512343287467957,56.12431716918945,0.5871264934539795,1.5001981258392334,56.39762115478516,56.48966598510742,-1.5,3.0,15718554.0,RECORD@2020-11-22_12.25.47,251,1.0,truck,0.9446566700935364,0.6510026454925537,1,-1.479,58.47
3810,809,526,875,577,-3.1729753017425537,52.00397491455078,0.0242080688476562,-2.7258856296539307,52.02688217163086,52.098243713378906,3.0,195.0,11265514.0,RECORD@2020-11-22_12.25.47,251,1.0,car,0.9221389889717102,0.8888429403305054,4,2.727,54.027
3811,510,488,769,688,-3.0119051933288574,15.899078369140623,0.4761835038661957,-2.8001067638397217,16.164085388183594,16.56764030456543,9.5,221.0,26376652.0,RECORD@2020-11-22_12.25.47,252,1.0,truck,0.9466169476509094,0.7324924468994141,3,2.734,18.34
3811,779,524,860,584,-3.2873740196228027,44.885292053222656,0.0734185725450515,-2.6629583835601807,45.24088287353516,45.311500549316406,3.400000095367432,195.0,11811438.0,RECORD@2020-11-22_12.25.47,252,1.0,car,0.8718398213386536,0.8924087285995483,4,2.687,47.232
3811,932,506,1000,568,0.666124701499939,56.15730667114258,0.7407020330429077,1.032295823097229,56.61103057861328,56.68927764892578,-1.100000023841858,2.0,13169556.0,RECORD@2020-11-22_12.25.47,252,1.0,truck,0.9407109618186952,0.7636199593544006,1,-1.088,58.679
3812,751,520,847,590,-3.350319623947144,37.87102508544922,0.5166856646537781,-2.843109369277954,37.99737548828125,38.12553405761719,4.300000190734863,196.0,17370560.0,RECORD@2020-11-22_12.25.47,253,1.0,car,0.8885786533355713,0.9408221244812012,4,2.859,40.018
3812,314,473,711,759,-2.8351199626922607,9.462993621826172,0.6370213031768799,-2.8292577266693115,9.698246955871582,10.180116653442385,16.399999618530273,234.0,14419955.0,RECORD@2020-11-22_12.25.47,253,1.0,truck,0.9333615303039552,0.8888905048370361,3,2.874,11.766
3812,931,500,1001,563,0.7269999980926514,56.21833801269531,1.328780174255371,1.1815464496612549,56.65474319458008,56.68927764892578,-1.2000000476837158,2.0,18280404.0,RECORD@2020-11-22_12.25.47,253,1.0,truck,0.9636170864105223,0.6550231575965881,1,-1.187,58.677
3813,636,521,783,630,-3.409794807434082,23.869096755981445,0.4631343483924866,-3.3855583667755127,23.9927978515625,24.1528263092041,8.199999809265137,201.0,17079530.0,RECORD@2020-11-22_12.25.47,255,1.0,car,0.9019145965576172,0.9425827860832214,4,3.445,25.906
3813,930,498,999,562,0.6708599328994751,56.30880737304688,1.330145239830017,0.7867167592048645,56.81013870239258,56.88888549804688,-0.800000011920929,2.0,18050540.0,RECORD@2020-11-22_12.25.47,255,1.0,truck,0.9236904978752136,0.7158517241477966,1,-0.794,58.883
3814,506,524,723,670,-3.522987604141236,16.791019439697266,0.484463095664978,-3.402581691741944,17.01112174987793,17.36608123779297,11.300000190734863,207.0,12200401.0,RECORD@2020-11-22_12.25.47,256,1.0,car,0.954702615737915,0.9538041949272156,4,3.403,19.029
3814,929,497,997,559,0.6479672193527222,56.338226318359375,1.333817958831787,0.7867167592048645,56.65050506591797,56.68927764892578,-0.800000011920929,2.0,21191448.0,RECORD@2020-11-22_12.25.47,256,1.0,truck,0.8429625630378723,0.5308022499084473,1,-0.792,58.684
3815,244,529,607,757,-3.5896356105804443,9.895984649658203,0.5493340492248535,-3.48518705368042,10.073583602905272,10.77894687652588,19.5,223.0,13782336.0,RECORD@2020-11-22_12.25.47,257,1.0,car,0.9594186544418336,0.956812858581543,4,3.598,12.161
3815,927,501,996,563,0.5751558542251587,56.386714935302734,1.3316810131072998,0.5944282412528992,56.888450622558594,56.88888549804688,-0.6000000238418579,1.0,29002138.0,RECORD@2020-11-22_12.25.47,257,1.0,truck,0.8352521657943726,0.6848583221435547,1,-0.596,58.886
3817,919,503,988,566,0.3811323642730713,56.30358123779297,0.5882872939109802,0.493445873260498,56.88672637939453,56.88888549804688,-0.5,254.0,17290922.0,RECORD@2020-11-22_12.25.47,259,0.0,truck,0.8500213623046875,0.7012685537338257,1,-0.496,58.887
3818,914,506,987,569,0.3183650076389313,56.28036117553711,0.7412958145141602,0.2976133823394775,56.68789291381836,56.68927764892578,-0.3000000119209289,253.0,23050156.0,RECORD@2020-11-22_12.25.47,260,0.0,truck,0.9001359343528748,0.5852692723274231,1,-0.297,58.689
3819,908,508,985,572,0.1668751686811447,56.21196746826172,0.5874167084693909,0.4927992522716522,56.71123504638672,56.78908157348633,-0.5,253.0,16038028.0,RECORD@2020-11-22_12.25.47,261,0.0,truck,0.8717807531356812,0.6898906230926514,1,-0.496,58.787
3820,906,513,981,575,0.000457788206404,56.18370056152344,0.7403062582015991,0.0991899222135543,56.4808464050293,56.48966598510742,-0.1000000014901161,253.0,15595696.0,RECORD@2020-11-22_12.25.47,262,0.0,truck,0.9716576337814332,0.7598184943199158,1,-0.099,58.49
3821,898,514,974,578,-0.2026149779558181,56.096073150634766,0.5869137048721313,-0.1955849677324295,56.45469665527344,56.48966598510742,0.2000000029802322,253.0,21836628.0,RECORD@2020-11-22_12.25.47,263,0.0,truck,0.9278386831283568,0.7361212968826294,1,0.197,58.489
3822,893,523,965,586,-0.4020503461360931,56.03853225708008,0.0005843937397003,-0.3963629901409149,56.288692474365234,56.29005813598633,0.4000000059604645,254.0,29032682.0,RECORD@2020-11-22_12.25.47,264,0.0,truck,0.9291748404502868,0.489856481552124,1,0.393,58.289
3823,886,525,959,586,-0.6183399558067322,55.9821662902832,-0.0021455883979797,-0.5962953567504883,56.3169059753418,56.38986206054688,0.6000000238418579,254.0,24077180.0,RECORD@2020-11-22_12.25.47,265,0.0,truck,0.896371603012085,0.8072868585586548,1,0.591,58.387
3824,879,527,951,589,-0.8125808835029602,55.9512825012207,0.0009142756462097,-0.9258832335472108,56.27970123291016,56.29005813598633,0.8999999761581421,254.0,15515358.0,RECORD@2020-11-22_12.25.47,266,0.0,truck,0.956200122833252,0.6715559363365173,1,0.884,58.283
3825,867,530,942,592,-1.1862459182739258,55.91301727294922,-0.0019459426403045,-1.0758473873138428,56.269073486328125,56.29005813598633,1.100000023841858,254.0,14118013.0,RECORD@2020-11-22_12.25.47,267,0.0,truck,0.9198498129844666,0.8340560793876648,1,1.081,58.28
3827,847,533,926,596,-1.826611876487732,55.891998291015625,-0.0025116056203842,-1.6184697151184082,56.47273635864258,56.48966598510742,1.600000023841858,1.0,17757588.0,RECORD@2020-11-22_12.25.47,269,0.0,truck,0.9000949859619141,0.6203770637512207,1,1.577,58.468
3828,839,532,914,597,-2.2058355808258057,55.93319320678711,0.0004194676876068,-2.0545809268951416,56.246673583984375,56.29005813598633,2.0999999046325684,2.0,16710898.0,RECORD@2020-11-22_12.25.47,270,0.0,truck,0.9362691640853882,0.6425246596336365,1,2.063,58.252
3831,804,533,879,596,-3.185138940811157,56.57437515258789,-0.0043965578079223,-3.3173470497131348,56.88833236694336,56.98869323730469,3.299999952316284,8.0,19829994.0,RECORD@2020-11-22_12.25.47,273,0.0,truck,0.9356985092163086,0.6603578925132751,1,3.28,58.894
3832,801,532,876,596,-3.214860200881958,56.7539176940918,-0.0084677934646606,-3.317776918411255,57.1600456237793,57.2881088256836,3.299999952316284,8.0,14393421.0,RECORD@2020-11-22_12.25.47,274,0.0,truck,0.9240190386772156,0.675808846950531,1,3.298,59.193
3833,799,533,873,596,-3.320308208465576,56.932273864746094,-0.0068375468254089,-3.484374046325684,57.38657379150391,57.48771667480469,3.5,9.0,27709914.0,RECORD@2020-11-22_12.25.47,275,0.0,truck,0.9074931144714355,0.6197216510772705,1,3.51,59.38
3835,797,530,873,595,-3.4466891288757324,57.36336517333984,-0.0096084177494049,-3.5282645225524902,57.590911865234375,57.7871322631836,3.5,10.0,26472254.0,RECORD@2020-11-22_12.25.47,277,0.0,truck,0.9525799751281738,0.8181183338165283,1,3.528,59.679
3836,794,533,870,597,-3.560645341873169,57.58346557617188,-0.0143241882324218,-3.628963947296143,58.17119598388672,58.28615951538086,3.5999999046325684,11.0,23560376.0,RECORD@2020-11-22_12.25.47,278,0.0,truck,0.9242074489593506,0.5695138573646545,1,3.66,60.171
3837,794,533,870,597,-3.6008358001708984,57.83257675170898,-0.0130389928817749,-3.8435378074646,58.15660858154297,58.385963439941406,3.799999952316284,12.0,15141272.0,RECORD@2020-11-22_12.25.47,279,0.0,truck,0.9735929369926452,0.5986756682395935,1,3.869,60.258
3838,793,526,867,590,-3.5782837867736816,58.097694396972656,-0.0169196128845214,-3.868062734603882,58.53709411621094,58.68537902832031,3.799999952316284,12.0,22730210.0,RECORD@2020-11-22_12.25.47,280,0.0,truck,0.9366725087165833,0.6487923860549927,1,3.889,60.556
3839,790,525,865,588,-3.751882076263428,58.35774612426758,-0.0159418284893035,-3.786285400390625,58.75558090209961,58.884986877441406,3.700000047683716,12.0,22220868.0,RECORD@2020-11-22_12.25.47,281,0.0,truck,0.912567138671875,0.579430341720581,1,3.8,60.762
3840,785,521,862,585,-3.806012630462648,58.61233139038086,0.2882829308509826,-4.106788635253906,58.93344497680664,59.084598541259766,4.0,12.0,19050338.0,RECORD@2020-11-22_12.25.47,282,0.0,truck,0.9150400757789612,0.8402882814407349,1,4.122,60.941
3841,780,521,855,585,-4.042754173278809,59.15852355957031,-0.0242400765419006,-4.341042995452881,59.5141487121582,59.68342971801758,4.199999809265137,13.0,14824963.0,RECORD@2020-11-22_12.25.47,283,0.0,truck,0.9268580079078674,0.5384509563446045,1,4.371,61.523
3842,775,522,853,582,-4.138123035430908,59.471168518066406,-0.0228689908981323,-4.504083633422852,59.70661163330078,59.88303756713867,4.300000190734863,13.0,13019144.0,RECORD@2020-11-22_12.25.47,284,0.0,truck,0.9097298383712769,0.5371497273445129,1,4.49,61.714
3843,773,528,848,588,-4.258047103881836,59.72903823852539,-0.0279002785682678,-4.384223937988281,60.0881462097168,60.282257080078125,4.199999809265137,13.0,10371834.0,RECORD@2020-11-22_12.25.47,285,0.0,truck,0.919299840927124,0.4905742704868316,1,4.415,62.12
3844,763,526,843,586,-4.4900407791137695,59.996070861816406,-0.0273881256580352,-4.765238285064697,60.51702499389648,60.68148040771485,4.5,13.0,8515964.0,RECORD@2020-11-22_12.25.47,286,0.0,truck,0.858916699886322,0.5230634808540344,1,4.761,62.494
3845,762,527,839,590,-4.579944133758545,60.280460357666016,-0.0318932831287384,-4.639267444610596,60.83829498291016,61.0806999206543,4.400000095367432,13.0,7506408.5,RECORD@2020-11-22_12.25.47,287,0.0,truck,0.8743957877159119,0.5787307024002075,1,4.686,62.901
3846,761,528,834,592,-4.837404727935791,60.530067443847656,-0.0311156064271926,-4.990518569946289,61.12168884277344,61.28030776977539,4.699999809265137,13.0,7633848.0,RECORD@2020-11-22_12.25.47,288,0.0,truck,0.8767582178115845,0.6570932865142822,1,5.021,63.074
3847,755,532,831,593,-5.026085376739502,60.83308029174805,-0.0363520979881286,-4.776340007781982,61.40655899047852,61.67953109741211,4.400000095367432,13.0,4518881.5,RECORD@2020-11-22_12.25.47,289,0.0,truck,0.9438972473144532,0.7282992005348206,1,4.732,63.498
3848,752,533,825,593,-5.189736843109131,61.06517791748047,-0.0350739657878875,-5.249769687652588,61.480098724365234,61.67953109741211,4.900000095367432,13.0,10032791.0,RECORD@2020-11-22_12.25.47,290,0.0,truck,0.9122198224067688,0.4681392610073089,1,5.268,63.454
3849,748,530,821,591,-5.372452259063721,61.35761642456055,-0.0399457812309265,-5.535534381866455,61.7770881652832,61.97894287109375,5.099999904632568,12.0,8966196.0,RECORD@2020-11-22_12.25.47,291,0.0,truck,0.929071843624115,0.6015521883964539,1,5.51,63.734
3850,743,528,820,589,-5.4617767333984375,61.61705017089844,-0.0493241250514984,-5.632058143615723,61.89878463745117,62.17855453491211,5.199999809265137,12.0,6243051.5,RECORD@2020-11-22_12.25.47,292,1.0,truck,0.9164031744003296,0.4817790687084198,1,5.635,63.923
3851,739,527,814,587,-5.619242668151856,61.86883544921875,-0.0430070757865905,-5.9682488441467285,62.1904182434082,62.477970123291016,5.5,12.0,5308711.5,RECORD@2020-11-22_12.25.47,293,1.0,truck,0.9747905135154724,0.6660866737365723,1,5.988,64.19
3852,737,528,810,587,-5.7840986251831055,62.13166046142578,-0.0417372584342956,-5.734051704406738,62.41470336914063,62.677581787109375,5.199999809265137,12.0,9884262.0,RECORD@2020-11-22_12.25.47,294,1.0,truck,0.9364094734191896,0.7541105151176453,1,5.681,64.42
3853,735,531,809,591,-5.867537975311279,62.38212966918945,-0.0471331477165222,-5.987869739532471,62.85265350341797,63.07680130004883,5.400000095367432,12.0,5962874.0,RECORD@2020-11-22_12.25.47,295,0.0,truck,0.9349775314331056,0.4914213716983795,1,5.936,64.797
3854,735,529,808,588,-5.893051624298096,62.64767456054688,-0.0456296503543853,-6.153401374816895,62.9636344909668,63.27640914916992,5.599999904632568,12.0,8428583.0,RECORD@2020-11-22_12.25.47,296,0.0,truck,0.9396361708641052,0.7707124948501587,1,6.175,64.974
3855,738,527,809,586,-5.884035110473633,63.20490646362305,-0.048862338066101,-5.9100189208984375,63.71962738037109,63.97504425048828,5.300000190734863,12.0,9430236.0,RECORD@2020-11-22_12.25.47,297,0.0,truck,0.9294878840446472,0.7660718560218811,1,5.909,65.702
3856,739,527,810,585,-5.785199165344238,63.46120834350586,-0.0536550283432006,-5.824465274810791,63.80099487304688,64.0748519897461,5.199999809265137,12.0,14150202.0,RECORD@2020-11-22_12.25.47,298,0.0,truck,0.9472028613090516,0.5394246578216553,1,5.807,65.811
3857,745,524,814,582,-5.669155120849609,63.76246643066406,-0.0523918867111206,-5.810277462005615,63.85408782958984,64.27445983886719,5.199999809265137,12.0,14852950.0,RECORD@2020-11-22_12.25.47,299,0.0,truck,0.9583158493041992,0.4743153750896454,1,5.825,66.01
3858,748,526,816,583,-5.626467704772949,64.02974700927734,-0.0573152601718902,-5.953703880310059,64.36622619628906,64.6736831665039,5.300000190734863,12.0,24316612.0,RECORD@2020-11-22_12.25.47,300,1.0,truck,0.9505617618560792,0.686601996421814,1,5.974,66.397
3859,744,527,821,581,-5.479938983917236,64.30001068115234,-0.0557565093040466,-5.476820468902588,64.83515167236328,65.0728988647461,4.800000190734863,12.0,18630670.0,RECORD@2020-11-22_12.25.47,301,0.0,truck,0.838575005531311,0.7997097373008728,1,5.445,66.845
3860,752,519,827,574,-5.273922443389893,64.58038330078125,0.6204606294631958,-5.297092914581299,64.9433364868164,65.27251434326172,4.599999904632568,11.0,12897548.0,RECORD@2020-11-22_12.25.47,302,0.0,truck,0.8839113116264343,0.7024491429328918,1,5.235,67.062
3861,761,512,831,568,-5.108565807342529,64.85879516601562,0.7989561557769775,-5.006734848022461,65.08453369140625,65.27251434326172,4.400000095367432,11.0,15171233.0,RECORD@2020-11-22_12.25.47,303,0.0,truck,0.8857432007789612,0.8034889698028564,1,5.008,67.08
3862,769,516,836,573,-4.940830230712891,65.10045623779297,0.6224340200424194,-5.021280765533447,65.4502944946289,65.6717300415039,4.400000095367432,11.0,17873700.0,RECORD@2020-11-22_12.25.47,304,0.0,truck,0.8770919442176819,0.8212641477584839,1,5.038,67.478
3863,775,509,845,567,-4.6999831199646,65.34720611572266,0.8020899295806885,-4.780059337615967,65.69283294677734,65.87134552001953,4.099999904632568,10.0,16550361.0,RECORD@2020-11-22_12.25.47,305,1.0,truck,0.91376930475235,0.6011106967926025,1,4.71,67.703
3864,781,506,849,561,-4.631162643432617,65.58898162841797,0.6244460344314575,-4.492230415344238,66.01043701171875,66.27056121826172,3.900000095367432,10.0,15179008.0,RECORD@2020-11-22_12.25.47,306,0.0,truck,0.9223361015319824,0.6635933518409729,1,4.507,68.117
3865,789,505,857,557,-4.2456464767456055,65.83007049560547,0.8058503866195679,-4.377192497253418,66.28164672851562,66.47017669677734,3.799999952316284,9.0,14912413.0,RECORD@2020-11-22_12.25.47,307,0.0,truck,0.8408067226409912,0.6238429546356201,1,4.405,68.324
3866,798,506,862,558,-4.109315395355225,66.03523254394531,0.6260711550712585,-4.172135353088379,66.32897186279297,66.47017669677734,3.5999999046325684,9.0,22147544.0,RECORD@2020-11-22_12.25.47,308,1.0,truck,0.931122362613678,0.5607234835624695,1,4.174,68.339
3867,803,511,868,563,-3.7969696521759033,66.24604034423828,0.8076976537704468,-3.609339714050293,66.7550048828125,66.86939239501953,3.0999999046325684,8.0,23431912.0,RECORD@2020-11-22_12.25.47,309,1.0,truck,0.8474916219711304,0.6130449771881104,1,3.616,68.772
3868,810,514,874,567,-3.704310894012451,66.44081115722656,0.6274060606956482,-3.508651733398437,66.96693420410156,67.06900024414062,3.0,8.0,20116520.0,RECORD@2020-11-22_12.25.47,310,1.0,truck,0.8689973950386047,0.5754472613334656,1,3.51,68.977
3869,830,510,892,563,-3.107919216156006,66.78516387939453,0.6286249160766602,-2.682248592376709,67.42294311523438,67.46822357177734,2.299999952316284,7.0,23565738.0,RECORD@2020-11-22_12.25.47,311,1.0,truck,0.9000016450881958,0.692219078540802,1,2.708,69.414
3870,855,509,913,560,-2.140394449234009,67.09922790527344,0.6297856569290161,-1.910736441612244,67.43855285644531,67.46822357177734,1.600000023841858,6.0,38227928.0,RECORD@2020-11-22_12.25.47,312,1.0,truck,0.9107348918914796,0.5953230261802673,1,1.884,69.442
3871,867,510,927,560,-1.6153115034103394,67.227783203125,0.8137341737747192,-1.1800233125686646,67.65753936767578,67.66783142089844,1.0,5.0,30251076.0,RECORD@2020-11-22_12.25.47,313,0.0,truck,0.8960147500038147,0.6704176068305969,1,1.181,69.658
3872,882,509,943,562,-1.0865375995635986,67.35814666748047,0.6306756138801575,-0.4721587300300598,67.8648681640625,67.86744689941406,0.4000000059604645,5.0,24067860.0,RECORD@2020-11-22_12.25.47,314,0.0,truck,0.9390771389007568,0.5518414378166199,1,0.474,69.866
3873,894,508,956,560,-0.6686365008354187,67.46350860595703,0.815185546875,-0.2376723289489746,67.86652374267578,67.86744689941406,0.2000000029802322,4.0,19635444.0,RECORD@2020-11-22_12.25.47,315,0.0,truck,0.9253127574920654,0.7386859655380249,1,0.237,69.867
3874,905,509,967,562,-0.3865803182125091,67.56259155273438,0.6314882040023804,0.7095463871955872,67.96351623535156,67.96725463867188,-0.6000000238418579,4.0,18541948.0,RECORD@2020-11-22_12.25.47,316,0.0,truck,0.9047688245773317,0.7195849418640137,1,-0.712,69.964
3876,929,503,988,554,0.493973821401596,67.72791290283203,0.6321460008621216,0.8344570398330688,68.21997833251953,68.26666259765625,-0.699999988079071,3.0,11407778.0,RECORD@2020-11-22_12.25.47,318,0.0,truck,0.8965903520584106,0.7366518974304199,1,-0.834,70.262
3877,936,506,997,556,0.8229748010635376,67.78202819824219,0.8172966241836548,1.190735101699829,68.1605224609375,68.26666259765625,-1.0,3.0,7979688.0,RECORD@2020-11-22_12.25.47,319,0.0,truck,0.9107615947723388,0.8008873462677002,1,-1.191,70.256
3878,944,501,1004,555,0.9551160335540771,67.82996368408203,0.6326102614402771,1.4368956089019775,68.25515747070312,68.26666259765625,-1.2000000476837158,2.0,20058804.0,RECORD@2020-11-22_12.25.47,320,0.0,truck,0.9196844100952148,0.788323163986206,1,-1.43,70.252
3879,946,504,1008,556,1.2308353185653689,67.89321899414062,0.8181543350219727,1.66885507106781,68.25167083740234,68.26666259765625,-1.399999976158142,2.0,23006856.0,RECORD@2020-11-22_12.25.47,321,1.0,truck,0.9061587452888488,0.719674825668335,1,-1.668,70.246
3880,951,505,1012,558,1.318292498588562,67.9320297241211,0.6329585313796997,1.7904422283172607,68.43679809570312,68.46627044677734,-1.5,2.0,18756554.0,RECORD@2020-11-22_12.25.47,322,0.0,truck,0.9642819166183472,0.7695499062538147,1,-1.792,70.443
3881,955,508,1016,559,1.610372543334961,67.96333312988281,0.8186821341514587,1.7343337535858154,68.40692901611328,68.46627044677734,-1.5,2.0,16037359.0,RECORD@2020-11-22_12.25.47,323,0.0,truck,0.9201151728630066,0.722212553024292,1,-1.792,70.443
3882,965,497,1023,550,1.984419345855713,68.01829528808594,1.534217357635498,2.425238132476806,68.41817474365234,68.46627044677734,-2.0,2.0,15647063.0,RECORD@2020-11-22_12.25.47,324,1.0,truck,0.9137266278266908,0.7304083704948425,1,-2.389,70.425
3883,970,496,1027,547,2.115025281906128,68.06531524658203,1.531746745109558,2.659886360168457,68.75619506835938,68.76568603515625,-2.200000047683716,1.0,17652788.0,RECORD@2020-11-22_12.25.47,325,1.0,truck,0.9296795725822448,0.617335319519043,1,-2.64,70.715
3884,972,484,1031,537,2.156618356704712,68.06752014160156,1.5362718105316162,2.8450827598571777,68.488525390625,68.56607818603516,-2.400000095367432,1.0,11105519.0,RECORD@2020-11-22_12.25.47,326,0.0,truck,0.9214962124824524,0.781746506690979,1,-2.871,70.506
3885,989,489,1051,543,3.031308650970459,68.05255126953125,1.532685160636902,3.3352532386779785,68.6056137084961,68.66588592529297,-2.799999952316284,254.0,23657340.0,RECORD@2020-11-22_12.25.47,331,0.0,truck,0.9217289686203004,0.554550051689148,1,-3.354,70.584
3886,995,487,1057,542,3.1577773094177246,68.0342788696289,1.5355870723724363,3.9191601276397705,68.33480834960938,68.46627044677734,-3.299999952316284,254.0,30114152.0,RECORD@2020-11-22_12.25.47,332,0.0,truck,0.9472781419754028,0.6639664769172668,1,-3.941,70.353
3887,1006,486,1067,541,3.524427890777588,67.94664764404297,1.5344741344451904,4.518630027770996,68.3116683959961,68.46627044677734,-3.799999952316284,254.0,35773892.0,RECORD@2020-11-22_12.25.47,333,0.0,truck,0.892622172832489,0.6367994546890259,1,-4.538,70.316
3888,1012,488,1073,543,3.844637155532837,67.85529327392578,1.529869794845581,4.644124984741211,68.10851287841797,68.26666259765625,-3.900000095367432,253.0,32842082.0,RECORD@2020-11-22_12.25.47,334,0.0,truck,0.9323958158493042,0.5573409199714661,1,-4.643,70.109
3889,1016,490,1079,544,3.883049964904785,67.81092834472656,1.5323340892791748,4.628783226013184,67.88749694824219,68.06705474853516,-3.900000095367432,253.0,17225650.0,RECORD@2020-11-22_12.25.47,335,0.0,truck,0.94804447889328,0.4665002822875976,1,-4.63,69.909
3890,1019,488,1082,542,4.115394592285156,67.70183563232422,1.5275661945343018,4.644124984741211,68.10851287841797,68.26666259765625,-3.900000095367432,252.0,33462238.0,RECORD@2020-11-22_12.25.47,336,0.0,truck,0.9280593395233154,0.6607127785682678,1,-4.643,70.109
3891,1025,484,1087,539,4.218968391418457,67.50912475585938,1.524494767189026,5.192348957061768,67.66735076904297,67.86744689941406,-4.400000095367432,251.0,46564924.0,RECORD@2020-11-22_12.25.47,337,0.0,truck,0.9508331418037416,0.4767585098743438,1,-5.207,69.667
3892,1027,484,1090,538,4.25258207321167,67.39472961425781,1.5263417959213257,4.7212090492248535,67.60657501220703,67.76763916015625,-4.0,250.0,35500988.0,RECORD@2020-11-22_12.25.47,338,1.0,truck,0.9421245455741882,0.5485690832138062,1,-4.727,69.603
3893,1030,487,1091,542,4.39127779006958,67.27068328857422,1.5205702781677246,5.18311882019043,67.56652069091797,67.76763916015625,-4.400000095367432,250.0,36225908.0,RECORD@2020-11-22_12.25.47,339,0.0,truck,0.9266891479492188,0.6304770112037659,1,-5.199,69.568
3894,1033,488,1095,542,4.476396083831787,67.13177490234375,1.5212911367416382,5.427825927734375,67.25082397460938,67.46822357177734,-4.599999904632568,250.0,41071724.0,RECORD@2020-11-22_12.25.47,340,1.0,truck,0.9584147334098816,0.5179054141044617,1,-5.411,69.251
3895,1036,490,1097,545,4.578797340393066,66.98394012451172,1.5154513120651243,5.161715984344482,67.27823638916016,67.46822357177734,-4.400000095367432,250.0,36333976.0,RECORD@2020-11-22_12.25.47,341,0.0,truck,0.9178295731544496,0.844398021697998,1,-5.176,69.269
3896,1038,491,1102,546,4.618447303771973,66.8301773071289,1.516240477561951,5.294431209564209,67.06117248535156,67.26861572265625,-4.5,249.0,38518276.0,RECORD@2020-11-22_12.25.47,342,0.0,truck,0.9340425729751588,0.6843478679656982,1,-5.278,69.061
3897,1041,483,1108,539,4.878930568695068,66.63309478759766,1.510844349861145,5.6966471672058105,66.84339904785156,67.06900024414062,-4.800000190734863,248.0,16736862.0,RECORD@2020-11-22_12.25.47,343,0.0,truck,0.9120797514915466,0.5630133748054504,1,-5.612,68.834
3898,1044,488,1110,542,4.839059352874756,66.49092102050781,1.5104193687438965,5.243042945861816,66.86671447753906,67.06900024414062,-4.5,248.0,10659381.0,RECORD@2020-11-22_12.25.47,344,0.0,truck,0.9750576615333556,0.6071183085441589,1,-5.262,68.862
3899,1047,485,1115,541,4.968695163726807,66.28068542480469,1.5044456720352173,5.863777160644531,66.4595947265625,66.76959228515625,-5.0,247.0,19147358.0,RECORD@2020-11-22_12.25.47,345,1.0,truck,0.9095688462257384,0.7375795841217041,1,-5.819,68.516
3900,1051,482,1118,539,4.985279560089111,66.08435821533203,1.5045982599258425,6.092093467712402,66.19122314453125,66.47017669677734,-5.300000190734863,247.0,29728506.0,RECORD@2020-11-22_12.25.47,346,0.0,truck,0.9542439579963684,0.7589790225028992,1,-6.14,68.186
3901,1065,484,1135,540,5.589809894561768,65.36652374267578,1.4910510778427124,6.218740463256836,65.79410552978516,66.07095336914062,-5.400000095367432,246.0,8210182.0,RECORD@2020-11-22_12.25.47,349,0.0,truck,0.9668554067611694,0.6265063285827637,1,-6.218,67.778
3902,1072,484,1143,540,6.202855587005615,65.02294158935547,1.4882478713989258,6.833556175231934,65.36112976074219,65.6717300415039,-5.900000095367432,245.0,4529166.5,RECORD@2020-11-22_12.25.47,350,0.0,truck,0.8947499990463257,0.669565737247467,1,-6.751,67.324
3907,1141,489,1212,548,7.789919853210449,61.2955436706543,1.4266984462738037,8.693986892700195,61.73572540283203,62.278358459472656,-8.0,244.0,20246662.0,RECORD@2020-11-22_12.25.47,362,0.0,truck,0.9803512096405028,0.5965152978897095,1,-8.667,63.672
3908,1140,490,1209,548,7.713738918304443,61.03405380249024,1.4188737869262695,8.6114501953125,61.267486572265625,61.8791389465332,-8.0,244.0,33499312.0,RECORD@2020-11-22_12.25.47,363,1.0,truck,0.9129135608673096,0.5641517043113708,1,-8.612,63.277
3909,1137,488,1207,547,7.599777221679687,60.7603759765625,1.4176243543624878,8.583670616149902,60.87220764160156,61.47991943359375,-8.0,244.0,39641240.0,RECORD@2020-11-22_12.25.47,364,0.0,truck,0.9385111927986144,0.5589419007301331,1,-8.556,62.882
3912,1103,480,1178,540,6.260296821594238,57.723819732666016,1.9713003635406487,7.108697891235352,57.8616828918457,58.28615951538086,-7.0,242.0,16129406.0,RECORD@2020-11-22_12.25.47,373,0.0,truck,0.9669201970100404,0.5057191848754883,1,-7.103,59.852
3913,1096,481,1166,545,5.997427463531494,57.411903381347656,1.3595848083496094,6.486772537231445,57.597259521484375,57.98674011230469,-6.400000095367432,241.0,54171704.0,RECORD@2020-11-22_12.25.47,374,0.0,truck,0.9249472618103028,0.620479941368103,1,-6.464,59.625
3914,1087,487,1159,547,6.137027740478516,56.97856903076172,1.3515379428863523,6.305325031280518,57.3256721496582,57.68732833862305,-6.300000190734863,239.0,27041472.0,RECORD@2020-11-22_12.25.47,375,0.0,truck,0.9440690279006958,0.5967629551887512,1,-6.33,59.339
3915,1073,487,1150,546,5.487571239471436,56.721336364746094,1.3464016914367676,5.943670272827148,57.09455871582031,57.48771667480469,-5.900000095367432,238.0,20096874.0,RECORD@2020-11-22_12.25.47,376,0.0,truck,0.8757201433181763,0.5152993202209473,1,-5.909,59.183
3916,1064,484,1138,544,5.081433773040772,56.362247467041016,1.9307506084442136,5.557644844055176,56.62730407714844,56.98869323730469,-5.599999904632568,236.0,17856372.0,RECORD@2020-11-22_12.25.47,377,0.0,truck,0.8677474856376648,0.55878084897995,1,-5.561,58.717
3917,1019,484,1095,545,3.4961142539978027,54.94720458984375,1.8878562450408936,3.414925098419189,55.185638427734375,55.39181137084961,-3.5999999046325684,232.0,16166784.0,RECORD@2020-11-22_12.25.47,378,0.0,truck,0.8946272134780884,0.5364226698875427,1,-3.478,57.283
3918,1002,490,1076,552,3.026029825210572,54.461063385009766,1.3034284114837646,3.1151154041290283,54.88451385498047,54.99259185791016,-3.200000047683716,231.0,27134622.0,RECORD@2020-11-22_12.25.47,379,0.0,truck,0.9034886956214904,0.5288413763046265,1,-3.07,56.907
3919,990,488,1062,551,2.493671417236328,53.87557601928711,1.318542242050171,2.7524871826171875,54.38416290283203,54.49356460571289,-2.900000095367432,229.0,37413028.0,RECORD@2020-11-22_12.25.47,380,0.0,truck,0.910467267036438,0.4785164594650268,1,-2.757,56.424
3920,971,490,1044,556,1.927319288253784,53.282745361328125,1.28271222114563,2.5113229751586914,53.846778869628906,53.89473342895508,-2.700000047683716,227.0,27955442.0,RECORD@2020-11-22_12.25.47,381,1.0,truck,0.9379660487174988,0.5274232625961304,1,-2.539,55.835
3921,959,491,1034,558,1.5558688640594482,52.63606262207031,1.2682058811187744,1.7521318197250366,53.27186584472656,53.29590606689453,-1.899999976158142,225.0,41264264.0,RECORD@2020-11-22_12.25.47,382,0.0,truck,0.9492953419685364,0.5376187562942505,1,-1.767,55.267
3922,944,494,1020,562,1.1764094829559326,51.94302749633789,1.2590854167938232,1.3264391422271729,52.485931396484375,52.49746322631836,-1.5,224.0,35647652.0,RECORD@2020-11-22_12.25.47,383,0.0,truck,0.9702019691467284,0.5571743249893188,1,-1.374,54.479
3923,931,490,1010,560,0.9601505398750304,51.22394561767578,1.2436349391937256,1.2540812492370603,51.81700897216797,51.89863204956055,-1.399999976158142,222.0,27597336.0,RECORD@2020-11-22_12.25.47,384,0.0,truck,0.968131422996521,0.7883470058441162,1,-1.268,53.883
3924,926,493,1003,561,0.6217471957206726,50.45061874389648,1.2334041595458984,0.5313127040863037,50.88311767578125,50.90058135986328,-0.6000000238418579,221.0,28371406.0,RECORD@2020-11-22_12.25.47,385,0.0,truck,0.8631322979927063,0.6414609551429749,1,-0.533,52.898
3925,920,488,996,559,0.410746693611145,49.6259880065918,1.2182108163833618,0.4466400742530823,50.29419708251953,50.301753997802734,-0.5,218.0,18183658.0,RECORD@2020-11-22_12.25.47,386,0.0,truck,0.8652504086494446,0.5218172073364258,1,-0.439,52.3
3926,913,490,991,562,0.2672786712646484,48.78300857543945,1.2049835920333862,0.0860362201929092,49.30340576171875,49.30370330810547,-0.1000000014901161,216.0,32654068.0,RECORD@2020-11-22_12.25.47,387,0.0,truck,0.9576995968818665,0.6077231764793396,1,-0.086,51.304
3927,909,489,990,564,0.2121863961219787,47.888916015625,1.1869850158691406,0.1706907898187637,48.70457458496094,48.704872131347656,-0.2000000029802322,215.0,28746572.0,RECORD@2020-11-22_12.25.47,388,0.0,truck,0.9522879719734192,0.6933385133743286,1,-0.17,50.705
3928,907,491,989,565,0.2104899287223816,46.9596061706543,1.173823595046997,0.0825119689106941,47.4814338684082,47.50720977783203,-0.1000000014901161,214.0,32539178.0,RECORD@2020-11-22_12.25.47,389,0.0,truck,0.905405580997467,0.5256989002227783,1,-0.083,49.507
3929,906,490,990,568,0.1299353241920471,45.99077224731445,1.1548210382461548,0.0006456627743318,46.508880615234375,46.509159088134766,-0.0,212.0,42857908.0,RECORD@2020-11-22_12.25.47,390,1.0,truck,0.961571455001831,0.5140160918235779,1,0.0,48.509
3930,900,477,990,559,0.064779981970787,42.95215225219727,1.105682611465454,0.3819419741630554,43.38226318359375,43.51500701904297,-0.5,210.0,41495844.0,RECORD@2020-11-22_12.25.47,391,1.0,truck,0.9363442063331604,0.5113195776939392,1,-0.38,45.513
3931,900,476,990,560,0.077063150703907,41.907222747802734,1.5258049964904783,0.1482147723436355,42.49079895019531,42.5169563293457,-0.2000000029802322,210.0,46022064.0,RECORD@2020-11-22_12.25.47,392,0.0,truck,0.9413248300552368,0.672023594379425,1,-0.148,44.517
3932,901,481,992,570,0.1023430079221725,40.9018669128418,1.0705848932266235,0.3681291341781616,41.49217224121094,41.51890563964844,-0.5,209.0,55265596.0,RECORD@2020-11-22_12.25.47,393,1.0,truck,0.9329333901405334,0.7519832849502563,1,-0.362,43.517
3933,902,491,996,581,0.096598319709301,39.82902145385742,1.0497971773147583,0.3489375710487366,40.31730651855469,40.32124710083008,-0.5,208.0,68022992.0,RECORD@2020-11-22_12.25.47,394,0.0,truck,0.916647970676422,0.630642294883728,1,-0.352,42.32
3934,902,492,999,584,0.1455931365489959,38.77656173706055,1.03326153755188,0.6212536096572876,39.39517974853516,39.42300033569336,-0.8999999761581421,208.0,43089912.0,RECORD@2020-11-22_12.25.47,395,0.0,truck,0.9348729252815248,0.616529643535614,1,-0.619,41.418
3935,903,492,1002,585,0.2052185535430908,37.69795608520508,1.0136232376098633,0.6290653944015503,37.91546630859375,37.925926208496094,-1.0,208.0,87739072.0,RECORD@2020-11-22_12.25.47,396,0.0,truck,0.9299610257148744,0.6285379528999329,1,-0.662,39.92
3936,903,491,1006,584,0.227580264210701,36.60685348510742,0.9969652891159058,0.9710692763328552,37.06388092041016,37.12748336791992,-1.5,207.0,10846756.0,RECORD@2020-11-22_12.25.47,397,0.0,truck,0.937183141708374,0.5263121128082275,1,-0.972,39.115
3937,903,489,1009,587,0.2922055423259735,35.5285758972168,0.9762548208236694,0.5585007667541504,36.11158752441406,36.129432678222656,-0.8999999761581421,207.0,46195984.0,RECORD@2020-11-22_12.25.47,398,0.0,truck,0.9201071858406068,0.7437456846237183,1,-0.567,38.125
3938,901,490,1015,590,0.2763572037220001,34.410614013671875,0.9592994451522828,0.4854209423065185,34.8297119140625,34.83197021484375,-0.800000011920929,206.0,68393064.0,RECORD@2020-11-22_12.25.47,399,0.0,truck,0.9229320287704468,0.7893567681312561,1,-0.486,36.829
3939,902,486,1016,587,0.3281307816505432,33.31143951416016,0.9387158155441284,0.7235664129257202,33.84688186645508,33.93372344970703,-1.2000000476837158,206.0,35996300.0,RECORD@2020-11-22_12.25.47,400,0.0,truck,0.9563332796096802,0.5782598257064819,1,-0.711,35.926
3940,902,483,1019,588,0.3481636345386505,32.17613220214844,0.9211199283599854,0.7856305837631226,32.6955680847168,32.736061096191406,-1.399999976158142,206.0,31495690.0,RECORD@2020-11-22_12.25.47,401,0.0,truck,0.9178520441055298,0.472387284040451,1,-0.8,34.726
3941,902,479,1026,588,0.392935037612915,31.05245018005371,1.2256819009780884,0.5999152064323425,31.531932830810547,31.53840065002441,-1.100000023841858,206.0,27523104.0,RECORD@2020-11-22_12.25.47,402,0.0,truck,0.8542880415916443,0.6255601048469543,1,-0.605,33.533
3942,907,473,1033,586,0.4124980866909027,29.92974853515625,1.1959576606750488,1.032859206199646,30.322242736816406,30.340740203857425,-1.899999976158142,205.0,54609444.0,RECORD@2020-11-22_12.25.47,403,0.0,truck,0.8464889526367188,0.6757434606552124,1,-1.006,32.324
3943,936,485,1108,613,0.957147479057312,25.33019256591797,0.8052118420600891,1.3194012641906738,25.748565673828125,25.749706268310547,-2.900000095367432,202.0,12560757.0,RECORD@2020-11-22_12.25.47,404,0.0,truck,0.921550989151001,0.945839822292328,1,-1.303,27.717
3944,946,485,1143,619,1.1503647565841677,24.180927276611328,0.784976601600647,1.325276017189026,24.681957244873047,24.75165557861328,-3.0,201.0,11435250.0,RECORD@2020-11-22_12.25.47,405,0.0,truck,0.9254034757614136,0.9469892382621764,1,-1.295,26.718
3945,967,485,1202,628,1.423107624053955,22.91972923278809,0.7609544992446899,1.4479749202728271,23.39658737182617,23.45418930053711,-3.5999999046325684,200.0,12564736.0,RECORD@2020-11-22_12.25.47,406,1.0,truck,0.9228950142860411,0.940987467765808,1,-1.473,25.408
3946,992,491,1243,640,1.990936040878296,21.517641067504883,0.4681257605552673,2.081700086593628,21.912437438964844,22.05691909790039,-5.300000190734863,198.0,13226596.0,RECORD@2020-11-22_12.25.47,407,0.0,truck,0.9478616118431092,0.9527899026870728,1,-2.037,23.963
3947,1034,487,1306,644,2.450823783874512,20.14534568786621,0.716697096824646,2.516425371170044,20.66181945800781,20.75945281982422,-6.900000095367432,196.0,13642636.0,RECORD@2020-11-22_12.25.47,408,0.0,truck,0.9358207583427428,0.9578373432159424,1,-2.494,22.609
3948,1082,490,1379,656,2.9689650535583496,18.70965385437012,0.69138503074646,2.852702140808105,19.46162223815918,19.561792373657227,-8.100000381469727,195.0,17570072.0,RECORD@2020-11-22_12.25.47,409,1.0,truck,0.943894386291504,0.9613428115844728,1,-2.756,21.367
3949,1138,492,1483,670,3.4605486392974854,17.360177993774414,0.4876957833766937,3.671826124191284,17.98771095275879,18.164522171020508,-11.300000190734863,194.0,23080526.0,RECORD@2020-11-22_12.25.47,410,1.0,truck,0.8950457572937012,0.9546383619308472,1,-3.559,19.812
3950,1229,497,1585,683,3.897994995117188,15.932171821594238,0.4335341155529022,4.326343059539795,16.415096282958984,17.066665649414062,-14.399999618530272,194.0,23963466.0,RECORD@2020-11-22_12.25.47,411,0.0,truck,0.9082053899765016,0.9417279958724976,1,-4.244,18.53
3951,1330,492,1686,695,4.708146572113037,14.282638549804688,0.4704108536243438,5.015592575073242,14.820297241210938,15.569589614868164,-18.5,195.0,18603700.0,RECORD@2020-11-22_12.25.47,412,1.0,truck,0.9421738386154176,0.9625113606452942,1,-4.94,16.765
3952,1468,494,1841,712,5.2571330070495605,12.582454681396484,0.4242864549160003,5.347692966461182,13.143951416015623,14.172319412231444,-22.0,198.0,11585770.0,RECORD@2020-11-22_12.25.47,413,1.0,truck,0.9166743159294128,0.9604910612106324,1,-5.309,15.14
13354,822,510,887,562,-2.7263126373291016,53.52400207519531,1.2845865488052368,-1.7969037294387815,54.06767654418945,54.09434509277344,1.899999976158142,253.0,12984742.0,RECORD@2020-11-22_12.45.05,18,0.0,car,0.940954089164734,0.8159161806106567,0,1.794,56.065
13354,981,509,1033,552,2.437194347381592,69.7509765625,0.6400973796844482,2.7671051025390625,70.30519104003906,70.36256408691406,-2.299999952316284,218.0,9386979.0,RECORD@2020-11-22_12.45.05,18,0.0,car,0.9059468507766724,0.8864455223083496,1,-2.824,72.306
13355,820,511,885,562,-2.8091635704040527,53.45388412475586,1.152860164642334,-1.966840863227844,53.87103271484375,53.89473342895508,2.0999999046325684,253.0,13845815.0,RECORD@2020-11-22_12.45.05,19,0.0,car,0.9235647916793824,0.8565545678138733,0,1.975,55.859
13355,981,507,1032,553,2.5270464420318604,68.92344665527344,1.1874394416809082,2.663718938827514,69.42340087890625,69.46432495117188,-2.200000047683716,218.0,7203434.5,RECORD@2020-11-22_12.45.05,19,0.0,car,0.8594541549682617,0.719562292098999,1,-2.667,71.413
13356,821,509,885,561,-2.7269015312194824,53.39302444458008,1.2821977138519287,-2.2390735149383545,53.84314727783203,53.89473342895508,2.400000095367432,253.0,18325154.0,RECORD@2020-11-22_12.45.05,20,1.0,car,0.9113463759422302,0.8145753741264343,0,2.257,55.847
13356,984,507,1036,551,2.56484055519104,68.08863067626953,1.082658290863037,2.871986150741577,68.60807037353516,68.66588592529297,-2.400000095367432,218.0,6868685.5,RECORD@2020-11-22_12.45.05,20,1.0,car,0.8465015292167664,0.8912137150764465,1,-2.875,70.606
13357,819,511,884,562,-2.827378749847412,53.3089485168457,1.2832257747650146,-2.1541337966918945,53.65190124511719,53.695125579833984,2.299999952316284,253.0,17343724.0,RECORD@2020-11-22_12.45.05,21,1.0,car,0.897693932056427,0.8394286632537842,0,2.155,55.652
13357,985,510,1036,552,2.5808374881744385,67.20796966552734,0.8138000965118408,3.5319528579711914,68.17305755615234,68.26666259765625,-3.0,218.0,4113590.75,RECORD@2020-11-22_12.45.05,21,1.0,car,0.897796094417572,0.8557650446891785,1,-3.573,70.173
13358,819,512,885,564,-2.812652587890625,53.24663162231445,1.2798088788986206,-2.1461257934570312,53.452449798583984,53.495513916015625,2.299999952316284,253.0,20391438.0,RECORD@2020-11-22_12.45.05,22,0.0,car,0.9580426216125488,0.8285038471221924,0,2.147,55.452
13358,987,512,1037,555,2.566650629043579,66.3493423461914,0.6269223690032959,3.0252692699432373,66.8005142211914,66.86939239501953,-2.5999999046325684,218.0,13797895.0,RECORD@2020-11-22_12.45.05,22,0.0,car,0.899178683757782,0.8868403434753418,1,-3.033,68.801
13359,819,510,884,562,-2.8208529949188232,53.18699264526367,1.280828833580017,-2.145798921585083,53.607208251953125,53.695125579833984,2.299999952316284,253.0,15369809.0,RECORD@2020-11-22_12.45.05,23,1.0,car,0.9217399954795836,0.8403393626213074,0,2.155,55.652
13359,989,510,1040,553,2.566021680831909,65.51834869384766,0.8031784296035767,3.257731914520264,66.37903594970703,66.47017669677734,-2.799999952316284,218.0,6483756.5,RECORD@2020-11-22_12.45.05,23,1.0,car,0.9083011150360109,0.9102185964584352,1,-3.247,68.391
13360,818,515,882,567,-2.84587836265564,53.14094161987305,0.7403706312179565,-2.435023546218872,53.63988494873047,53.695125579833984,2.5999999046325684,253.0,14808615.0,RECORD@2020-11-22_12.45.05,24,0.0,car,0.9268853068351746,0.8380433917045593,0,2.436,55.64
13360,987,517,1040,559,2.4977266788482666,64.64701843261719,0.6203445196151733,3.0521509647369385,65.01569366455078,65.0728988647461,-2.700000047683716,218.0,9576550.0,RECORD@2020-11-22_12.45.05,24,0.0,car,0.9121676683425904,0.803993821144104,1,-3.065,67.001
13361,816,514,883,567,-2.904048204421997,53.06104278564453,0.9826908707618712,-2.425971269607544,53.58105850219727,53.695125579833984,2.5999999046325684,253.0,11361338.0,RECORD@2020-11-22_12.45.05,25,1.0,car,0.9548537731170654,0.8451384902000427,0,2.436,55.64
13361,987,517,1039,559,2.562338590621948,63.81078720092773,0.7914352416992188,3.2527284622192383,64.37968444824219,64.47407531738281,-2.900000095367432,218.0,12873485.0,RECORD@2020-11-22_12.45.05,25,1.0,car,0.9084780812263488,0.8229033946990967,1,-3.262,66.392
13364,814,515,878,569,-2.906463623046875,52.07812881469727,1.0663056373596191,-2.197634220123291,52.45144271850586,52.49746322631836,2.400000095367432,250.0,12452778.0,RECORD@2020-11-22_12.45.05,31,0.0,car,0.9253479242324828,0.8804417848587036,0,2.198,54.451
13364,973,519,1032,567,1.868033647537232,55.37622833251953,0.7355561852455139,2.275832176208496,55.645320892333984,55.69122695922852,-2.299999952316284,218.0,12917527.0,RECORD@2020-11-22_12.45.05,31,0.0,car,0.92882639169693,0.9250987768173218,1,-2.235,57.646
13365,971,513,1032,562,1.8223352432250977,54.58425521850586,1.3011378049850464,2.100313663482666,55.13311767578125,55.19219970703125,-2.200000047683716,217.0,13156133.0,RECORD@2020-11-22_12.45.05,32,0.0,car,0.9176437854766846,0.8849542737007141,1,-2.119,57.152
13365,813,509,877,563,-2.890566110610962,52.014495849609375,1.2588211297988892,-2.2801246643066406,52.44752883911133,52.49746322631836,2.5,251.0,15220662.0,RECORD@2020-11-22_12.45.05,32,0.0,car,0.9079849123954772,0.7593674659729004,0,2.29,54.447
13366,810,512,875,567,-2.973632574081421,51.817020416259766,1.258143663406372,-2.2714219093322754,52.257545471191406,52.29785537719727,2.5,250.0,13882837.0,RECORD@2020-11-22_12.45.05,33,0.0,car,0.9222957491874696,0.8227985501289368,0,2.281,54.248
13366,969,516,1030,565,1.748822569847107,53.70401382446289,1.0066938400268557,2.0619866847991943,54.233646392822266,54.2939567565918,-2.200000047683716,217.0,13394717.0,RECORD@2020-11-22_12.45.05,33,0.0,car,0.9176080226898192,0.8953467011451721,1,-2.084,56.254
13367,810,513,875,567,-2.972837209701538,51.684329986572266,1.2530195713043213,-2.230009078979492,52.22590255737305,52.29785537719727,2.400000095367432,250.0,12146330.0,RECORD@2020-11-22_12.45.05,34,1.0,car,0.9463877081871032,0.8573299050331116,0,2.19,54.252
13367,969,519,1031,567,1.7039909362792969,52.8365364074707,0.5747253894805908,2.2659502029418945,53.33183670043945,53.39570999145508,-2.5,217.0,11749550.0,RECORD@2020-11-22_12.45.05,34,1.0,car,0.9152989387512208,0.914863646030426,1,-2.329,55.345
13368,810,516,876,570,-2.99108624458313,51.57997894287109,0.9713765382766724,-2.344502210617065,51.849266052246094,51.89863204956055,2.5999999046325684,251.0,14189619.0,RECORD@2020-11-22_12.45.05,35,1.0,car,0.9453316926956176,0.8627702593803406,0,2.354,53.845
13368,968,522,1033,572,1.6773546934127808,51.970314025878906,0.7129933834075928,2.1820414066314697,52.614864349365234,52.69707489013672,-2.400000095367432,217.0,12966376.0,RECORD@2020-11-22_12.45.05,35,1.0,car,0.8994267582893372,0.9266364574432372,1,-2.207,54.651
13369,809,511,876,565,-2.848104476928711,51.392333984375,1.2484126091003418,-2.444037437438965,51.836708068847656,51.89863204956055,2.700000047683716,250.0,30102018.0,RECORD@2020-11-22_12.45.05,36,1.0,car,0.9406626224517822,0.8368380069732666,0,2.445,53.841
13369,969,514,1033,566,1.717667818069458,51.15333938598633,1.2424404621124268,1.873212814331055,51.47672271728516,51.49941253662109,-2.0999999046325684,217.0,16478029.0,RECORD@2020-11-22_12.45.05,36,1.0,car,0.9425339698791504,0.9066243767738342,1,-1.887,53.465
13370,973,523,1045,578,1.7397750616073608,47.66115188598633,0.5545275211334229,2.014835357666016,48.23641204833984,48.3056526184082,-2.400000095367432,218.0,19726206.0,RECORD@2020-11-22_12.45.05,37,1.0,car,0.9542237520217896,0.9129697680473328,1,-2.023,50.263
13370,819,517,887,574,-2.780590295791626,50.89047622680664,0.5675090551376343,-2.7049977779388428,51.60547637939453,51.69902420043945,3.0,249.0,9957144.0,RECORD@2020-11-22_12.45.05,37,1.0,car,0.913365364074707,0.8186494708061218,0,2.706,53.628
13371,824,515,891,570,-2.583908796310425,50.80112457275391,0.7062641382217407,-2.2366108894348145,51.25421524047852,51.2998046875,2.5,249.0,11337826.0,RECORD@2020-11-22_12.45.05,38,1.0,car,0.9554843902587892,0.8360959887504578,0,2.238,53.251
13371,976,518,1049,575,1.7990872859954834,46.85701370239258,0.6792812347412109,2.0467681884765625,47.26860809326172,47.30760192871094,-2.5,218.0,18497000.0,RECORD@2020-11-22_12.45.05,38,1.0,car,0.9414929151535034,0.9226897358894348,1,-2.064,49.263
13372,828,515,896,573,-2.4157986640930176,50.59229278564453,1.233311653137207,-1.9455931186676023,51.25070190429688,51.2998046875,2.200000047683716,249.0,13363238.0,RECORD@2020-11-22_12.45.05,39,0.0,car,0.9513612389564514,0.8292485475540161,0,1.969,53.262
13372,980,522,1053,577,1.868651270866394,45.99945068359375,0.548104465007782,2.163311719894409,46.56542205810547,46.60896301269531,-2.700000047683716,218.0,14234618.0,RECORD@2020-11-22_12.45.05,39,0.0,car,0.91533625125885,0.9327169060707092,1,-2.196,48.557
13373,983,521,1059,578,1.9845949411392207,45.181270599365234,0.6683297157287598,2.13509488105774,45.85171508789063,45.91032791137695,-2.700000047683716,218.0,15634374.0,RECORD@2020-11-22_12.45.05,40,1.0,car,0.9350860118865968,0.9310175776481628,1,-2.163,47.859
13373,836,515,903,572,-2.222402811050415,50.44130706787109,0.8389028310775757,-1.5918498039245603,50.67597961425781,50.70097351074219,1.7999999523162842,248.0,17371948.0,RECORD@2020-11-22_12.45.05,40,1.0,car,0.9175550937652588,0.8515766859054565,0,1.593,52.676
13374,848,519,917,574,-1.7930505275726318,50.18737411499024,0.7018439769744873,-1.461677074432373,50.71472930908203,50.800777435302734,1.600000023841858,249.0,8053248.0,RECORD@2020-11-22_12.45.05,41,1.0,car,0.982131004333496,0.8304824829101562,0,1.418,52.781
13374,996,519,1069,581,2.22458553314209,43.49877548217773,0.6571803092956543,2.468496799468994,43.92595672607422,44.01403045654297,-3.200000047683716,219.0,22602642.0,RECORD@2020-11-22_12.45.05,41,1.0,car,0.8568781018257141,0.8838084936141968,1,-2.457,45.945
13375,856,517,926,572,-1.5752426385879517,49.93695831298828,0.9856139421463012,-0.9611346125602722,50.29548263549805,50.301753997802734,1.100000023841858,248.0,9247142.0,RECORD@2020-11-22_12.45.05,42,0.0,car,0.9639434218406676,0.6599941253662109,0,0.966,52.292
13375,1000,524,1078,580,2.304172992706299,42.67380905151367,0.5355291962623596,2.5324149131774902,43.060543060302734,43.11578750610352,-3.299999952316284,219.0,12217831.0,RECORD@2020-11-22_12.45.05,42,0.0,car,0.8807175159454346,0.9068127274513244,1,-2.482,45.044
13376,1008,529,1086,587,2.439416885375977,41.83030700683594,0.6461628675460815,2.626460313796997,42.425743103027344,42.5169563293457,-3.5,219.0,13977059.0,RECORD@2020-11-22_12.45.05,43,0.0,car,0.8745602965354919,0.9389697909355164,1,-2.596,44.438
13376,865,521,935,576,-1.3256604671478271,49.83470916748047,0.6996009349822998,-1.010692477226257,50.310302734375,50.40155792236328,1.100000023841858,248.0,15051715.0,RECORD@2020-11-22_12.45.05,43,0.0,car,0.9629433155059814,0.8431297540664673,0,0.968,52.392
13377,1015,524,1096,585,2.60046648979187,40.98222351074219,0.5288739800453186,2.8545737266540527,41.4414291381836,41.51890563964844,-3.900000095367432,219.0,13464879.0,RECORD@2020-11-22_12.45.05,44,0.0,car,0.9244905710220336,0.9347626566886902,1,-2.824,43.423
13377,873,517,944,574,-1.156639575958252,49.63922882080078,0.5618405342102051,-0.4762391448020935,50.00157928466797,50.00233459472656,0.5,249.0,15730483.0,RECORD@2020-11-22_12.45.05,44,0.0,car,0.9485012292861938,0.7956451177597046,0,0.436,52.0
13378,1021,525,1102,586,2.69939398765564,40.16941833496094,0.6353432536125183,3.0911569595336914,40.625301361083984,40.72046661376953,-4.400000095367432,219.0,14285735.0,RECORD@2020-11-22_12.45.05,45,1.0,car,0.9424645900726318,0.9281949400901794,1,-3.124,42.6
13378,880,518,949,576,-0.8804259896278381,49.48273849487305,1.0258150100708008,-0.6987302303314209,49.87549591064453,49.902530670166016,0.800000011920929,249.0,10523982.0,RECORD@2020-11-22_12.45.05,45,1.0,car,0.9544668197631836,0.8798365592956543,0,0.697,51.898
13379,1025,529,1112,589,2.8228306770324707,39.33000183105469,0.5224702954292297,2.9639179706573486,39.69480895996094,39.82221984863281,-4.300000190734863,219.0,24769290.0,RECORD@2020-11-22_12.45.05,46,0.0,car,0.8568819165229797,0.915830671787262,1,-2.986,41.71
13379,887,516,959,575,-0.6698678135871887,49.321266174316406,0.5606991052627563,-0.2574650049209595,49.47248077392578,49.50331115722656,0.3000000119209289,248.0,10541497.0,RECORD@2020-11-22_12.45.05,46,0.0,car,0.8877184987068176,0.8513248562812805,0,0.259,51.503
13380,1034,527,1119,589,2.9353458881378174,38.49127578735352,0.6244906783103943,3.451523780822754,38.72465896606445,38.92397689819336,-5.099999904632568,220.0,16982884.0,RECORD@2020-11-22_12.45.05,47,1.0,car,0.8800649642944336,0.9042988419532776,1,-3.46,40.77
13380,896,514,965,574,-0.4481900930404663,49.1661491394043,1.0294554233551023,0.0006869895150884,49.69527816772461,49.70292282104492,-0.0,249.0,8679760.0,RECORD@2020-11-22_12.45.05,47,1.0,car,0.9631484746932985,0.8684099912643433,0,0.0,51.703
13381,1067,527,1162,597,3.448294162750244,35.21733093261719,0.6028845310211182,3.5478672981262207,35.53041076660156,35.7302131652832,-5.699999809265137,220.0,15260900.0,RECORD@2020-11-22_12.45.05,48,1.0,car,0.9219560623168944,0.9303934574127196,1,-3.549,37.554
13381,932,518,1000,575,0.5242263078689575,48.643798828125,0.691750168800354,1.333695888519287,48.98516082763672,49.00428771972656,-1.600000023841858,250.0,11219448.0,RECORD@2020-11-22_12.45.05,48,1.0,car,0.957691252231598,0.8716563582420349,0,-1.368,50.985
13388,998,518,1066,575,2.28132963180542,47.8714485168457,0.5550498962402344,2.6449735164642334,48.2637825012207,48.3056526184082,-3.0999999046325684,253.0,11977484.0,RECORD@2020-11-22_12.45.05,55,1.0,car,0.9526355862617492,0.8815464377403259,0,-2.612,50.235
13388,1126,530,1246,609,4.220849514007568,29.51019096374512,0.4848992526531219,4.306028842926025,29.79758644104004,30.141128540039062,-8.100000381469727,220.0,26799000.0,RECORD@2020-11-22_12.45.05,55,1.0,car,0.8893729448318481,0.9495121240615844,1,-4.247,31.84
13389,1017,520,1084,578,2.838465452194214,47.68743515014648,0.5546048879623413,3.651948928833008,47.96420669555664,48.10604095458984,-4.300000190734863,254.0,16460768.0,RECORD@2020-11-22_12.45.05,56,1.0,car,0.9557818174362184,0.8810197710990906,0,-3.607,49.971
13389,1144,534,1270,620,4.387268543243408,27.85737991333008,0.4787276983261108,4.213350296020508,28.43971061706543,28.743858337402344,-8.5,220.0,16454284.0,RECORD@2020-11-22_12.45.05,56,1.0,car,0.9287575483322144,0.9485133290290833,1,-4.249,30.428
13390,1045,524,1111,581,3.5551085472106934,47.53814315795898,0.5541406273841858,3.759359121322632,47.95769500732422,48.10604095458984,-4.5,254.0,18119946.0,RECORD@2020-11-22_12.45.05,57,1.0,car,0.9445096850395204,0.92424076795578,0,-3.774,49.958
13390,1174,531,1313,629,4.616082191467285,25.547048568725582,0.4700217247009277,4.4973907470703125,26.873046875,27.24678421020508,-9.5,220.0,47250656.0,RECORD@2020-11-22_12.45.05,57,1.0,car,0.970426380634308,0.7738478183746338,1,-4.497,28.873
13391,1054,519,1119,577,3.690058469772339,47.49477005004883,0.5538891553878784,4.425807952880859,48.08388137817383,48.3056526184082,-5.300000190734863,254.0,17795472.0,RECORD@2020-11-22_12.45.05,58,1.0,car,0.9221470952033995,0.8908894658088684,0,-4.462,50.099
13391,1185,534,1328,630,4.667321681976318,24.597558975219727,0.4663459062576294,4.737048149108887,25.506431579589844,25.94931602478028,-10.5,220.0,40837764.0,RECORD@2020-11-22_12.45.05,58,1.0,car,0.9225367307662964,0.8863177299499512,1,-4.729,27.515
13392,1188,528,1337,631,4.6747918128967285,23.88614845275879,0.4642564654350281,4.675745010375977,24.73385429382324,25.150876998901367,-10.800000190734863,220.0,25781278.0,RECORD@2020-11-22_12.45.05,59,1.0,car,0.9724099040031432,0.9381016492843628,1,-4.713,26.705
13392,1056,519,1123,576,3.824868440628052,47.41893768310547,0.5538310408592224,4.184683799743652,47.94683837890625,48.205848693847656,-5.0,128.0,16344469.0,RECORD@2020-11-22_12.45.05,59,1.0,car,0.9058379530906676,0.9012056589126588,0,-4.201,50.022
13393,1192,529,1344,636,4.610894680023193,23.28148460388184,0.4611997008323669,5.039872169494629,23.993247985839844,24.552045822143555,-11.800000190734863,220.0,18513366.0,RECORD@2020-11-22_12.45.05,60,1.0,car,0.9595083594322203,0.9399331212043762,1,-5.021,26.033
13393,1059,523,1124,578,3.9548394680023193,47.467472076416016,0.5538697838783264,4.545252799987793,48.00032424926758,48.3056526184082,-5.400000095367432,1.0,17114026.0,RECORD@2020-11-22_12.45.05,60,1.0,car,0.8577929139137268,0.8757328391075134,0,-4.546,50.091
13394,1200,528,1362,639,4.546222686767578,21.95161819458008,0.4563437104225158,4.653027057647705,22.2985954284668,22.95516395568848,-11.800000190734863,220.0,22878244.0,RECORD@2020-11-22_12.45.05,61,0.0,car,0.9330322742462158,0.9553028345108032,1,-4.694,24.47
13394,1063,521,1130,577,4.014662742614746,47.40645599365234,0.5538116693496704,4.324452877044678,47.95038986206055,48.10604095458984,-5.099999904632568,1.0,17051604.0,RECORD@2020-11-22_12.45.05,61,0.0,car,0.9450492262840272,0.8857041597366333,0,-4.276,49.916
13395,1208,528,1374,644,4.533980369567871,21.290264129638672,0.4538867175579071,4.416510581970215,21.546295166015625,22.15672492980957,-11.800000190734863,220.0,21818582.0,RECORD@2020-11-22_12.45.05,62,0.0,car,0.9266302585601808,0.9558414816856384,1,-4.531,23.688
13395,1066,524,1133,579,4.146377086639404,47.44866180419922,0.5539471507072449,4.241524696350098,47.921363830566406,48.10604095458984,-5.099999904632568,1.0,19697978.0,RECORD@2020-11-22_12.45.05,62,0.0,car,0.8887590169906616,0.8876825571060181,0,-4.276,49.916
13396,1212,523,1383,639,4.564131736755371,20.454734802246094,0.7269695997238159,4.536661624908447,20.65595436096192,21.35828399658203,-12.300000190734863,219.0,21871910.0,RECORD@2020-11-22_12.45.05,63,1.0,car,0.9462482929229736,0.5080466270446777,1,-4.55,22.868
13396,1070,515,1138,572,4.360748291015625,47.37271881103516,1.1835825443267822,4.509056091308594,47.86811828613281,48.10604095458984,-5.400000095367432,254.0,21011230.0,RECORD@2020-11-22_12.45.05,63,1.0,car,0.966094970703125,0.8323622345924377,0,-4.527,49.893
13397,1219,527,1395,646,4.405664443969727,19.4611759185791,0.4473475813865661,4.325547218322754,20.024534225463867,20.55984306335449,-12.399999618530272,219.0,15158519.0,RECORD@2020-11-22_12.45.05,64,1.0,car,0.9226537346839904,0.9647896885871888,1,-4.415,22.08
13397,1071,521,1137,575,4.290223121643066,47.35496520996094,0.5536569356918335,4.3889265060424805,47.85114669799805,48.10604095458984,-5.300000190734863,254.0,16311741.0,RECORD@2020-11-22_12.45.05,64,1.0,car,0.938183844089508,0.920153021812439,0,-4.444,49.9
13398,1230,526,1427,655,4.318098068237305,17.952394485473633,0.4415436089038849,5.035226345062256,18.24429512023925,18.962963104248047,-14.899999618530272,219.0,23474476.0,RECORD@2020-11-22_12.45.05,65,1.0,car,0.9505119919776917,0.9406279921531676,1,-4.876,20.325
13398,1076,517,1146,574,4.379263401031494,47.28567886352539,0.5539084672927856,4.656029224395752,47.83422470092773,48.10604095458984,-5.599999904632568,254.0,14896666.0,RECORD@2020-11-22_12.45.05,65,1.0,car,0.9418784976005554,0.8970227837562561,0,-4.694,49.876
13399,1234,524,1450,662,4.160594463348389,17.166166305541992,0.4857825636863708,4.130676746368408,17.321128845214844,17.96491241455078,-13.5,219.0,31955696.0,RECORD@2020-11-22_12.45.05,66,0.0,car,0.92746901512146,0.9208688735961914,1,-4.194,19.469
13399,1076,518,1147,575,4.554078102111816,47.22684860229492,1.1813567876815796,4.646288871765137,47.5130615234375,47.80662536621094,-5.599999904632568,254.0,17481560.0,RECORD@2020-11-22_12.45.05,66,0.0,car,0.9717574119567872,0.8970533609390259,0,-4.665,49.578
13400,1078,528,1147,584,4.484759330749512,47.15849685668945,0.5530185103416443,4.452014923095703,47.65131378173828,47.90642929077149,-5.400000095367432,253.0,20441526.0,RECORD@2020-11-22_12.45.05,67,1.0,car,0.9577713012695312,0.920464277267456,0,-4.508,49.694
13400,1244,533,1464,676,4.251664638519287,16.270658493041992,0.4355848431587219,4.441601276397705,16.644651412963867,17.36608123779297,-14.800000190734863,219.0,15480378.0,RECORD@2020-11-22_12.45.05,67,1.0,car,0.9318544268608092,0.955549955368042,1,-4.436,18.79
13401,1259,526,1490,679,4.171488761901856,15.443686485290527,0.4803068041801452,4.155121803283691,15.672415733337402,16.368030548095703,-14.699999809265137,219.0,21629916.0,RECORD@2020-11-22_12.45.05,68,1.0,car,0.9458141326904296,0.95682954788208,1,-4.154,17.832
13401,1078,519,1148,575,4.526796817779541,47.11400985717773,0.6829757690429688,4.904564380645752,47.45404052734375,47.70682144165039,-5.900000095367432,252.0,14353776.0,RECORD@2020-11-22_12.45.05,68,1.0,car,0.9818888902664183,0.8910395503044128,0,-4.904,49.454
13402,1077,521,1148,579,4.506654739379883,47.01323318481445,0.5524381399154663,4.801559448242188,47.4366340637207,47.70682144165039,-5.800000190734863,252.0,9664511.0,RECORD@2020-11-22_12.45.05,69,1.0,car,0.9436084628105164,0.9300224184989928,0,-4.821,49.463
13402,1260,531,1508,690,4.203938484191895,14.520941734313965,0.4284266233444214,3.984793186187744,14.81454849243164,15.569589614868164,-15.399999618530272,219.0,26736214.0,RECORD@2020-11-22_12.45.05,69,1.0,car,0.9545199871063232,0.9537251591682434,1,-4.135,17.011
13403,1078,523,1148,580,4.530011177062988,46.99836730957031,0.6815243363380432,4.945643901824951,47.28876876831055,47.50720977783203,-6.0,252.0,12966686.0,RECORD@2020-11-22_12.45.05,70,1.0,car,0.9192513823509216,0.915276288986206,0,-4.966,49.247
13403,1272,532,1537,696,4.146779537200928,13.751678466796877,0.4662545621395111,3.9846596717834473,13.999848365783691,14.77114963531494,-16.299999237060547,219.0,29304356.0,RECORD@2020-11-22_12.45.05,70,1.0,car,0.9444765448570251,0.9521159529685974,1,-4.146,16.177
13404,1338,532,1672,740,3.982386589050293,10.363243103027344,0.5575588941574097,4.5816426277160645,10.763479232788086,11.776997566223145,-23.100000381469727,220.0,18449944.0,RECORD@2020-11-22_12.45.05,71,1.0,car,0.9645538330078124,0.9561883807182312,1,-4.621,12.833
13404,1083,520,1153,576,4.664645671844482,46.52781677246094,0.6792812347412109,4.842281341552734,46.86676406860352,47.10799026489258,-5.900000095367432,250.0,14301220.0,RECORD@2020-11-22_12.45.05,71,1.0,car,0.9315460324287416,0.8952226638793945,0,-4.842,48.858
13405,1356,532,1718,752,3.8670108318328857,9.500762939453123,0.5491634607315063,4.129304885864258,9.91485595703125,10.878751754760742,-23.200000762939453,220.0,19999486.0,RECORD@2020-11-22_12.45.05,72,1.0,car,0.9522470235824584,0.9552159309387208,1,-4.286,11.999
13405,1083,515,1153,575,4.613174915313721,46.36186599731445,1.1648030281066897,5.295426368713379,46.726070404052734,47.10799026489258,-6.400000095367432,250.0,7488478.0,RECORD@2020-11-22_12.45.05,72,1.0,car,0.9700799584388732,0.8540969491004944,0,-5.251,48.814
13406,1376,541,1774,775,3.755143880844116,8.663346290588379,0.4525981545448303,3.617381811141968,9.042335510253906,9.980506896972656,-22.5,221.0,25688344.0,RECORD@2020-11-22_12.45.05,73,1.0,car,0.9601038098335266,0.9562932252883912,1,-3.819,11.221
13406,1084,519,1153,577,4.638230323791504,46.26448440551758,0.6775000095367432,4.760916233062744,46.68444061279297,46.90837860107422,-5.800000190734863,250.0,9934226.0,RECORD@2020-11-22_12.45.05,73,1.0,car,0.9511986970901488,0.8833615779876709,0,-4.74,48.668
13407,1407,521,1831,778,3.642037868499756,7.861231327056885,0.6058504581451416,3.6341826915740967,8.293601036071777,9.182065963745115,-24.600000381469727,221.0,31751372.0,RECORD@2020-11-22_12.45.05,74,1.0,car,0.956692397594452,0.9580599069595336,1,-3.822,10.349
13407,1083,507,1154,569,4.61531400680542,46.167781829833984,1.1617316007614136,4.84093713760376,46.61454391479492,46.90837860107422,-6.0,249.0,9276078.0,RECORD@2020-11-22_12.45.05,74,1.0,car,0.9164552688598632,0.8624890446662903,0,-4.903,48.651
13408,1438,539,1887,808,3.485816240310669,7.138537406921387,0.5204921960830688,3.582120180130005,7.483402729034424,8.383625030517578,-26.5,222.0,44000776.0,RECORD@2020-11-22_12.45.05,75,1.0,car,0.963665008544922,0.9632108211517334,1,-3.741,9.503
13408,1084,522,1154,581,4.557537078857422,46.01320266723633,0.6750590205192566,4.516907215118408,46.48659133911133,46.708770751953125,-5.599999904632568,249.0,7289707.5,RECORD@2020-11-22_12.45.05,75,1.0,car,0.9593451619148254,0.8111745715141296,0,-4.558,48.486
13409,1083,520,1154,580,4.523930549621582,45.836055755615234,0.5477368831634521,4.879251956939697,46.181915283203125,46.509159088134766,-6.099999904632568,249.0,10572269.0,RECORD@2020-11-22_12.45.05,76,1.0,car,0.9718113541603088,0.8835076093673706,0,-4.942,48.246
13409,1462,536,1920,834,3.331470727920532,6.872722148895264,0.5078704953193665,3.55405330657959,6.665048122406006,7.5851850509643555,-28.600000381469727,221.0,22159376.0,RECORD@2020-11-22_12.45.05,76,1.0,car,0.9607780575752258,0.9665753841400146,1,-3.631,8.66
13410,1500,534,1920,862,3.329961061477661,6.7859978675842285,0.4254832863807678,3.5255911350250244,5.975821971893311,6.986354351043701,-31.100000381469727,221.0,9962302.0,RECORD@2020-11-22_12.45.05,77,1.0,car,0.9524102807044984,0.9716980457305908,1,-3.609,7.982
13410,1082,520,1153,579,4.49242115020752,45.696136474609375,0.673409640789032,4.799570083618164,45.86561965942383,46.10993957519531,-6.0,249.0,10656356.0,RECORD@2020-11-22_12.45.05,77,1.0,car,0.9601677656173706,0.8845606446266174,0,-4.82,47.857
13411,1538,535,1920,908,3.3695507049560547,6.80889892578125,0.3984007537364959,3.439697265625,7.464858055114746,8.184015274047852,-24.89999961853028,222.0,7563049.0,RECORD@2020-11-22_12.45.05,78,1.0,car,0.9308208227157592,0.9624084234237672,1,-3.446,9.423
13411,1080,527,1152,587,4.440181255340576,45.4703369140625,0.546518087387085,4.678831100463867,45.85727691650391,46.10993957519531,-5.800000190734863,248.0,11409219.0,RECORD@2020-11-22_12.45.05,78,1.0,car,0.9759351015090942,0.7809301614761353,0,-4.66,47.874
13415,1058,522,1134,585,3.796083211898804,43.94501495361328,0.5403852462768555,3.9987616539001465,44.356571197509766,44.51305770874024,-5.099999904632568,246.0,17266880.0,RECORD@2020-11-22_12.45.05,83,0.0,car,0.955205738544464,0.9235804677009584,0,-3.957,46.337
13416,1062,516,1138,580,3.974156618118286,43.68850326538086,0.660808801651001,3.948699951171875,44.154327392578125,44.31344985961914,-5.099999904632568,246.0,18736150.0,RECORD@2020-11-22_12.45.05,84,0.0,car,0.9544765949249268,0.9202031493186952,0,-3.939,46.138
13417,1063,520,1138,583,3.966165542602539,43.4486083984375,0.5393211245536804,4.1706953048706055,43.69703674316406,43.91422653198242,-5.5,245.0,11010333.0,RECORD@2020-11-22_12.45.05,85,0.0,car,0.9850384593009948,0.899560272693634,0,-4.209,45.712
13418,1066,524,1142,587,3.99463152885437,43.28395462036133,0.6563886404037476,3.8688385486602783,43.56757354736328,43.71461868286133,-5.099999904632568,245.0,18072554.0,RECORD@2020-11-22_12.45.05,86,0.0,car,0.9716757535934448,0.8859462738037109,0,-3.886,45.542
13419,1067,518,1147,582,4.043496131896973,42.956729888916016,0.5373091101646423,3.962270498275757,43.23646926879883,43.41520309448242,-5.199999809265137,245.0,28824304.0,RECORD@2020-11-22_12.45.05,87,0.0,car,0.958199143409729,0.9170071482658386,0,-3.935,45.237
13420,1070,523,1150,586,4.122659206390381,42.7476692199707,0.6539146900177002,4.401794910430908,42.75938034057617,43.01598358154297,-5.900000095367432,245.0,13150426.0,RECORD@2020-11-22_12.45.05,88,0.0,car,0.9569044709205629,0.9056910276412964,0,-4.422,44.788
13421,1076,525,1155,588,4.146733283996582,42.47653198242188,0.5346779823303223,4.432576656341553,42.68101501464844,42.91617584228516,-5.900000095367432,245.0,14729684.0,RECORD@2020-11-22_12.45.05,89,0.0,car,0.9595165252685548,0.8366538882255554,0,-4.411,44.689
13422,1077,522,1156,586,4.211886882781982,42.25827026367188,0.650583028793335,4.518611907958984,42.52693557739258,42.71656799316406,-6.099999904632568,245.0,15500500.0,RECORD@2020-11-22_12.45.05,90,0.0,car,0.9454520344734192,0.806800901889801,0,-4.539,44.475
13423,1077,521,1157,586,4.193863391876221,41.999290466308594,0.533014178276062,4.403083801269531,42.31398010253906,42.5169563293457,-6.0,245.0,15541927.0,RECORD@2020-11-22_12.45.05,91,0.0,car,0.948666512966156,0.8092526793479919,0,-4.444,44.284
13424,1082,526,1161,590,4.28480863571167,41.76488876342773,0.6464927196502686,4.454969882965088,42.12247085571289,42.31734848022461,-6.099999904632568,245.0,20812088.0,RECORD@2020-11-22_12.45.05,92,0.0,car,0.9718000888824464,0.8820567727088928,0,-4.497,44.078
13425,1084,523,1166,588,4.272973537445068,41.480865478515625,0.5311182141304016,4.392650127410889,41.692230224609375,41.91812896728516,-6.0,245.0,22327456.0,RECORD@2020-11-22_12.45.05,93,0.0,car,0.9575841426849364,0.8761575818061829,0,-4.382,43.688
13426,1086,524,1168,591,4.299675464630127,41.263282775878906,0.6434579491615295,4.484588146209717,41.47047805786133,41.7185173034668,-6.199999809265137,245.0,18431060.0,RECORD@2020-11-22_12.45.05,94,0.0,car,0.9551851153373718,0.8625004887580872,0,-4.506,43.475
13427,1089,524,1169,591,4.313106060028076,40.98200225830078,0.5289126634597778,4.463027477264404,41.0928840637207,41.319297790527344,-6.199999809265137,244.0,18967670.0,RECORD@2020-11-22_12.45.05,95,0.0,car,0.9683238863945008,0.9086323976516724,0,-4.462,43.078
13428,1081,522,1167,592,4.125540733337402,39.43650436401367,0.5230313539505005,4.29809045791626,39.69586944580078,39.92202758789063,-6.099999904632568,244.0,10225122.0,RECORD@2020-11-22_12.45.05,98,0.0,car,0.9708698391914368,0.9089710116386414,0,-4.242,41.696
13430,1073,524,1164,594,3.83081316947937,37.83079147338867,0.5166469812393188,4.048333168029785,38.17926025390625,38.32514572143555,-6.099999904632568,244.0,11497426.0,RECORD@2020-11-22_12.45.05,104,0.0,car,0.932356894016266,0.8968489766120911,0,-4.073,40.108
13431,1069,519,1160,593,3.8212287425994873,37.60076141357422,1.0154558420181274,4.009472370147705,37.817264556884766,38.12553405761719,-6.0,245.0,10919416.0,RECORD@2020-11-22_12.45.05,105,0.0,car,0.9610232710838318,0.907310962677002,0,-3.985,39.917
13432,1063,518,1157,591,3.704475164413452,37.34982299804688,1.0097839832305908,3.7701590061187744,37.64215087890625,37.82611846923828,-5.699999809265137,246.0,16429701.0,RECORD@2020-11-22_12.45.05,106,0.0,car,0.9223570227622986,0.9234870076179504,0,-3.757,39.639
13433,1060,518,1152,592,3.59132981300354,37.14605331420898,1.0078370571136477,3.752479314804077,37.34820175170898,37.526702880859375,-5.699999809265137,247.0,11946934.0,RECORD@2020-11-22_12.45.05,107,0.0,car,0.9274306893348694,0.9304232001304626,0,-3.727,39.341
13434,1033,515,1126,592,2.9681296348571777,36.51105499267578,0.9962804317474364,2.9846577644348145,37.05006408691406,37.12748336791992,-4.599999904632568,250.0,15310206.0,RECORD@2020-11-22_12.45.05,108,1.0,car,0.9325600862503052,0.9049036502838136,0,-2.978,39.008
13435,1022,518,1115,593,2.710519552230835,36.39476776123047,0.9917823076248168,2.612212419509888,36.64748001098633,36.72826385498047,-4.099999904632568,251.0,25561472.0,RECORD@2020-11-22_12.45.05,109,0.0,car,0.9539097547531128,0.7168103456497192,0,-2.626,38.634
13436,1010,515,1103,590,2.480950117111206,36.2972297668457,0.9920002222061156,2.471435070037842,36.65972900390625,36.72826385498047,-3.900000095367432,251.0,18232920.0,RECORD@2020-11-22_12.45.05,110,0.0,car,0.9362959861755372,0.910210371017456,0,-2.498,38.643
13437,999,517,1092,592,2.2839810848236084,36.21390914916992,0.9881990551948548,2.1083431243896484,36.56853866577149,36.628456115722656,-3.299999952316284,252.0,18086826.0,RECORD@2020-11-22_12.45.05,111,0.0,car,0.9452009797096252,0.9157429933547974,0,-2.108,38.568
13438,989,515,1082,591,2.035842180252075,36.14617538452149,0.9890897274017334,2.056154251098633,36.46584701538086,36.52865219116211,-3.200000047683716,253.0,15458080.0,RECORD@2020-11-22_12.45.05,112,0.0,car,0.9493770599365234,0.9090439081192015,0,-2.039,38.472
13439,978,512,1071,591,1.7777189016342163,36.07592391967773,0.9861515164375304,1.7107954025268557,36.26658248901367,36.329044342041016,-2.700000047683716,253.0,12097993.0,RECORD@2020-11-22_12.45.05,113,0.0,car,0.9314737915992736,0.8725784420967102,0,-1.711,38.289
13443,912,516,1006,594,0.4046190977096557,36.008583068847656,0.9846382737159728,0.3788433372974396,36.27726364135742,36.329044342041016,-0.6000000238418579,1.0,25717790.0,RECORD@2020-11-22_12.45.05,118,1.0,car,0.9260977506637572,0.9277313351631165,0,-0.38,38.327
13444,903,516,995,593,0.2081961780786514,35.974552154541016,0.9834213852882384,0.1574119180440902,36.306915283203125,36.329044342041016,-0.3000000119209289,1.0,14017096.0,RECORD@2020-11-22_12.45.05,119,0.0,car,0.968360424041748,0.9384880661964417,0,-0.19,38.329
13445,891,513,985,590,0.0354565195739269,36.03179931640625,0.9863503575325012,0.0631717815995216,36.52259063720703,36.52865219116211,-0.1000000014901161,2.0,9881210.0,RECORD@2020-11-22_12.45.05,120,1.0,car,0.9283703565597534,0.8899298906326294,0,-0.064,38.529
13446,860,513,951,590,-0.678114652633667,36.27291488647461,0.9902881383895874,-0.6334263682365417,36.69645309448242,36.72826385498047,1.0,4.0,19438468.0,RECORD@2020-11-22_12.45.05,121,0.0,car,0.9299326539039612,0.8996210098266602,0,0.641,38.723
13447,857,515,947,591,-0.8509089350700378,36.35299682617188,0.9900760650634766,-0.8092907667160034,36.66537094116211,36.72826385498047,1.2000000476837158,5.0,24911018.0,RECORD@2020-11-22_12.45.05,122,0.0,car,0.9336047768592834,0.8907709121704102,0,0.769,38.72
13448,856,512,943,590,-0.8534136414527893,36.48982620239258,0.9943971037864684,-0.7961263060569763,36.91410827636719,36.92787551879883,1.2000000476837158,5.0,23320626.0,RECORD@2020-11-22_12.45.05,123,0.0,car,0.926742136478424,0.9109833240509032,0,0.773,38.92
13449,855,512,942,588,-0.8769872188568115,36.53092956542969,0.9940005540847778,-0.7706382274627686,37.00235748291016,37.027679443359375,1.2000000476837158,6.0,25009684.0,RECORD@2020-11-22_12.45.05,124,0.0,car,0.9659084677696228,0.8834590315818787,0,0.775,39.02
13450,855,512,942,587,-0.8892865777015686,36.718868255615234,0.9977357387542723,-0.716064453125,37.099884033203125,37.12748336791992,1.100000023841858,6.0,21797764.0,RECORD@2020-11-22_12.45.05,125,0.0,car,0.9166592955589294,0.6624657511711121,0,0.713,39.121
13451,855,514,943,591,-0.8808732032775879,36.84920120239258,0.9986076354980468,-0.6439655423164368,37.31937026977539,37.32709503173828,1.0,6.0,21822502.0,RECORD@2020-11-22_12.45.05,126,0.0,car,0.8991088271141052,0.8222343921661377,0,0.651,39.321
13452,861,516,946,592,-0.8212600350379944,36.99693298339844,1.0021015405654907,-0.7160096168518066,37.41490936279297,37.42689895629883,1.100000023841858,6.0,38248136.0,RECORD@2020-11-22_12.45.05,127,0.0,car,0.92884624004364,0.9004586338996887,0,0.719,39.42
13453,862,517,949,591,-0.7904515266418457,37.10398483276367,1.002617359161377,-0.716064453125,37.515281677246094,37.526702880859375,1.100000023841858,6.0,42893868.0,RECORD@2020-11-22_12.45.05,128,0.0,car,0.9294644594192504,0.9218283891677856,0,0.72,39.52
13454,863,514,946,589,-0.7862676978111267,37.26239776611328,1.0054328441619873,-0.6751907467842102,37.7177619934082,37.72631454467773,1.0,6.0,26774534.0,RECORD@2020-11-22_12.45.05,129,0.0,car,0.9360581636428832,0.8913961052894592,0,0.658,39.721
13455,861,521,946,594,-0.7953773140907288,37.37613296508789,1.0071392059326172,-0.6612693071365356,37.91438293457031,37.925926208496094,1.0,6.0,32872704.0,RECORD@2020-11-22_12.45.05,130,0.0,car,0.9270562529563904,0.8798803091049194,0,0.662,39.92
13456,859,516,943,590,-0.8730013966560364,37.52335357666016,1.0100399255752563,-0.7349831461906433,37.91438293457031,37.925926208496094,1.100000023841858,6.0,34833348.0,RECORD@2020-11-22_12.45.05,131,0.0,car,0.9452937841415404,0.8555789589881897,0,0.728,39.919
13457,857,518,941,591,-0.9281287789344788,37.67411422729492,1.014257311820984,-0.8597785830497742,38.11137771606445,38.12553405761719,1.2999999523162842,6.0,31744882.0,RECORD@2020-11-22_12.45.05,132,0.0,car,0.9398999214172364,0.8484580516815186,0,0.865,40.116
13458,854,518,937,590,-0.9785492420196532,38.12506866455078,1.0217905044555664,-0.864303708076477,38.51179885864258,38.52475357055664,1.2999999523162842,5.0,31145046.0,RECORD@2020-11-22_12.45.05,133,0.0,car,0.9244396090507508,0.8734142184257507,0,0.874,40.515
13459,854,514,938,587,-0.9624068140983582,38.19649887084961,1.0218135118484497,-0.6751907467842102,38.71257781982422,38.724365234375,1.0,4.0,45027636.0,RECORD@2020-11-22_12.45.05,134,0.0,car,0.9409143924713136,0.9001113772392273,0,0.676,40.718
13460,855,517,938,590,-1.0081926584243774,38.30583953857422,0.6231382489204407,-0.7350986003875732,38.713138580322266,38.724365234375,1.100000023841858,4.0,33004926.0,RECORD@2020-11-22_12.45.05,135,0.0,car,0.9421254992485046,0.862253725528717,0,0.743,40.717
13461,856,516,939,588,-0.945088803768158,38.376075744628906,1.0242023468017578,-0.8061418533325195,38.71723937988281,38.724365234375,1.2000000476837158,4.0,24157822.0,RECORD@2020-11-22_12.45.05,136,0.0,car,0.9660212993621826,0.9081040024757384,0,0.811,40.716
13462,857,519,941,590,-0.949703574180603,38.4566535949707,0.624622642993927,-0.8417284488677979,38.90952301025391,38.92397689819336,1.2000000476837158,3.0,37212948.0,RECORD@2020-11-22_12.45.05,137,0.0,car,0.9400134682655334,0.8363120555877686,0,0.815,40.915
13463,858,516,940,588,-0.9300326704978944,38.50999450683594,1.0265913009643557,-0.8082302808761597,39.01065826416016,39.02378082275391,1.2000000476837158,3.0,42634176.0,RECORD@2020-11-22_12.45.05,138,0.0,car,0.94500070810318,0.8768899440765381,0,0.817,41.015
13464,858,514,940,587,-0.9154717922210692,38.57538604736328,1.0298373699188232,-0.7504131197929382,39.01128005981445,39.02378082275391,1.100000023841858,3.0,40394864.0,RECORD@2020-11-22_12.45.05,139,0.0,car,0.9293268918991088,0.8275154232978821,0,0.749,41.017
13465,857,518,940,590,-0.9390646815299988,38.63612747192383,1.0286388397216797,-0.814619779586792,39.113525390625,39.12358474731445,1.2000000476837158,2.0,30172560.0,RECORD@2020-11-22_12.45.05,140,0.0,car,0.9197981953620912,0.9122350811958312,0,0.819,41.115
13466,857,516,938,587,-0.9917903542518616,38.67755889892578,1.031806230545044,-0.8565220832824707,39.1142692565918,39.12358474731445,1.2000000476837158,2.0,25743396.0,RECORD@2020-11-22_12.45.05,141,0.0,car,0.9612942934036256,0.9057430624961852,0,0.819,41.115
13467,856,517,938,588,-0.9799427390098572,38.71416473388672,1.0300039052963257,-0.7427558898925781,39.11280822753906,39.12358474731445,1.100000023841858,2.0,30562954.0,RECORD@2020-11-22_12.45.05,142,0.0,car,0.9519026875495912,0.9166433215141296,0,0.751,41.116
13468,856,515,938,587,-0.993871569633484,38.74746322631836,1.0327478647232056,-0.8186725974082947,39.10905456542969,39.12358474731445,1.2000000476837158,1.0,47293988.0,RECORD@2020-11-22_12.45.05,143,0.0,car,0.924166977405548,0.8815760016441345,0,0.819,41.115
13469,856,518,938,590,-0.9588123559951782,38.74061584472656,1.030686378479004,-0.8891920447349548,39.10757064819336,39.12358474731445,1.2999999523162842,1.0,42324784.0,RECORD@2020-11-22_12.45.05,144,0.0,car,0.9142106771469116,0.8836086988449097,0,0.888,41.114
13470,855,515,937,587,-1.033517360687256,38.76848602294922,1.031368851661682,-0.7504131197929382,39.31122970581055,39.32319641113281,1.100000023841858,1.0,36154336.0,RECORD@2020-11-22_12.45.05,145,0.0,car,0.90838623046875,0.9153060913085938,0,0.755,41.316
13471,855,516,937,588,-1.0038009881973269,38.759559631347656,1.03326153755188,-0.886929452419281,39.10757064819336,39.12358474731445,1.2999999523162842,1.0,32838834.0,RECORD@2020-11-22_12.45.05,146,0.0,car,0.9227008819580078,0.9295910000801086,0,0.888,41.114
13472,856,515,936,586,-1.0065429210662842,38.75327682495117,1.0310275554656982,-0.8526269197463989,39.10831451416016,39.12358474731445,1.2000000476837158,128.0,34224828.0,RECORD@2020-11-22_12.45.05,147,0.0,car,0.9406940937042236,0.9080612659454346,0,0.819,41.115
13473,854,517,936,589,-1.0466738939285278,38.76619720458984,0.6261070370674133,-1.0183684825897217,39.30590438842773,39.32319641113281,1.5,1.0,25193110.0,RECORD@2020-11-22_12.45.05,148,0.0,car,0.9299690127372742,0.915054976940155,0,1.029,41.31
13474,855,519,936,591,-1.0337618589401243,38.72291946411133,0.5199552774429321,-0.9551836848258972,39.10596466064453,39.12358474731445,1.399999976158142,254.0,38257276.0,RECORD@2020-11-22_12.45.05,149,0.0,car,0.9506147503852844,0.9230899810791016,0,0.956,41.112
13475,854,517,935,589,-0.998855710029602,38.72631072998047,1.0322341918945312,-0.9251309633255004,39.10757064819336,39.12358474731445,1.2999999523162842,254.0,29722320.0,RECORD@2020-11-22_12.45.05,150,0.0,car,0.9159585237503052,0.9142241477966307,0,0.888,41.114
13476,853,520,934,591,-1.0467530488967896,38.71053695678711,1.0298333168029783,-1.0208241939544678,39.10316467285156,39.12358474731445,1.5,254.0,31818452.0,RECORD@2020-11-22_12.45.05,151,0.0,car,0.9101303219795228,0.9158651828765868,0,1.024,41.11
13477,852,518,933,590,-1.1303513050079346,38.69693756103516,1.031378149986267,-1.2158222198486328,39.11638641357422,39.12358474731445,1.7999999523162842,1.0,17197004.0,RECORD@2020-11-22_12.45.05,152,0.0,car,0.9160633683204652,0.9296978712081908,0,1.229,41.104
13478,852,519,931,589,-1.1615999937057495,38.66268539428711,1.029321312904358,-1.1480921506881714,39.0039291381836,39.02378082275391,1.7000000476837158,254.0,21190602.0,RECORD@2020-11-22_12.45.05,153,0.0,car,0.9597072005271912,0.8955636024475098,0,1.158,41.007
13479,851,524,932,593,-1.1414180994033811,38.65901565551758,0.6250844597816467,-1.0469322204589844,39.10757064819336,39.12358474731445,1.5,8.0,22789562.0,RECORD@2020-11-22_12.45.05,154,0.0,car,0.9661376476287842,0.9254764318466188,0,1.024,41.11
13480,852,519,932,589,-1.1324121952056885,38.641395568847656,1.0290653705596924,-1.007923603057861,39.10596466064453,39.12358474731445,1.5,254.0,29793406.0,RECORD@2020-11-22_12.45.05,155,0.0,car,0.9471337795257568,0.9064887762069702,0,1.024,41.11
13481,853,521,934,591,-1.0934699773788452,38.64006423950195,0.6253153681755066,-0.8778792023658752,39.11105346679688,39.12358474731445,1.2999999523162842,254.0,25763536.0,RECORD@2020-11-22_12.45.05,156,0.0,car,0.935749351978302,0.9030092358589172,0,0.888,41.114
13482,861,516,942,590,-0.9163931012153624,38.577781677246094,1.028468132019043,-0.8186725974082947,39.10831451416016,39.12358474731445,1.2000000476837158,128.0,28460722.0,RECORD@2020-11-22_12.45.05,157,0.0,car,0.9195786118507384,0.8949361443519592,0,0.819,41.115
13483,861,521,943,592,-0.9245216250419616,38.598445892333984,0.6252493858337402,-0.8734869956970215,39.113525390625,39.12358474731445,1.2999999523162842,1.0,22532544.0,RECORD@2020-11-22_12.45.05,158,0.0,car,0.9333695769309998,0.9241945743560792,0,0.888,41.114
13484,862,520,943,591,-0.9355611205101012,38.57905197143555,0.5194715857505798,-0.8166455030441284,39.01258850097656,39.02378082275391,1.2000000476837158,1.0,30640142.0,RECORD@2020-11-22_12.45.05,159,0.0,car,0.9465739727020264,0.8501471877098083,0,0.817,41.015
13485,862,521,944,592,-0.896439790725708,38.59400939941406,0.6250184774398804,-0.7390397191047668,39.11185836791992,39.12358474731445,1.100000023841858,1.0,21070476.0,RECORD@2020-11-22_12.45.05,160,0.0,car,0.9237477779388428,0.8720491528511047,0,0.751,41.116
13486,864,520,945,590,-0.7881161570549011,38.583641052246094,1.0276150703430176,-0.5484058260917664,38.91918182373047,38.92397689819336,0.800000011920929,1.0,22486256.0,RECORD@2020-11-22_12.45.05,161,0.0,car,0.9595096707344056,0.9008981585502625,0,0.543,40.92
13487,868,520,948,590,-0.7815320491790771,38.60511779785156,0.6253483295440674,-0.5400955677032471,38.91731262207031,38.92397689819336,0.800000011920929,1.0,23395270.0,RECORD@2020-11-22_12.45.05,162,0.0,car,0.9558832049369812,0.9099565148353576,0,0.543,40.92
13488,872,523,951,591,-0.666361927986145,38.57181930541992,0.5193941593170166,-0.5456220507621765,39.11381912231445,39.12358474731445,0.800000011920929,1.0,43450676.0,RECORD@2020-11-22_12.45.05,163,0.0,car,0.9442471861839294,0.9022606611251832,0,0.546,41.12
13489,873,522,954,590,-0.6489713788032532,38.62677383422852,0.6252493858337402,-0.371850848197937,39.21425628662109,39.223388671875,0.5,1.0,31460810.0,RECORD@2020-11-22_12.45.05,164,0.0,car,0.9401835799217224,0.8289476037025452,0,0.342,41.222
13490,876,519,957,590,-0.542132556438446,38.684059143066406,1.029321312904358,-0.2016675621271133,39.11738967895508,39.12358474731445,0.3000000119209289,2.0,27780686.0,RECORD@2020-11-22_12.45.05,165,0.0,car,0.911982536315918,0.8833876848220825,0,0.205,41.123
13491,879,521,960,591,-0.4930840730667114,38.728397369384766,0.6258431673049927,-0.3399465680122375,39.2152099609375,39.223388671875,0.5,2.0,43500644.0,RECORD@2020-11-22_12.45.05,166,0.0,car,0.9308264851570128,0.9217302203178406,0,0.342,41.222
13492,881,518,962,588,-0.442617118358612,38.755348205566406,1.030686378479004,-0.067209392786026,39.19910430908203,39.223388671875,0.1000000014901161,2.0,22052162.0,RECORD@2020-11-22_12.45.05,167,0.0,car,0.9631085395812988,0.9111982583999634,0,0.068,41.223
13493,884,521,963,591,-0.3644307553768158,38.82881927490234,1.0334327220916748,-0.3382334113121032,39.11614227294922,39.12358474731445,0.5,2.0,27693644.0,RECORD@2020-11-22_12.45.05,168,0.0,car,0.9205672144889832,0.8813560605049133,0,0.341,41.122
13494,889,522,970,591,-0.2404625564813614,39.0550422668457,0.6280862092971802,0.0005438747466541,39.50769805908203,39.52280426025391,-0.0,4.0,15202126.0,RECORD@2020-11-22_12.45.05,169,0.0,car,0.961539387702942,0.8811503052711487,0,0.0,41.523
13495,889,519,970,589,-0.2726625800132751,39.13855743408203,1.0369997024536133,0.0005509558250196,39.72090911865234,39.722415924072266,-0.0,3.0,21818598.0,RECORD@2020-11-22_12.45.05,170,0.0,car,0.9281968474388124,0.8352389335632324,0,0.0,41.722
13496,888,520,968,590,-0.3331513702869415,39.21361541748047,0.6291418075561523,-0.1406861543655395,39.516727447509766,39.52280426025391,0.2000000029802322,3.0,23001778.0,RECORD@2020-11-22_12.45.05,171,0.0,car,0.9680998921394348,0.9009222984313964,0,0.138,41.523
13497,886,516,965,586,-0.347244918346405,39.26670837402344,1.039559245109558,-0.2767165899276733,39.71485900878906,39.722415924072266,0.4000000059604645,4.0,18143066.0,RECORD@2020-11-22_12.45.05,172,0.0,car,0.9006824493408203,0.8107355833053589,0,0.277,41.721
13498,885,518,966,589,-0.3757039308547973,39.37443542480469,1.0433628559112549,-0.1710309535264969,39.61640548706055,39.62261199951172,0.2000000029802322,4.0,20391152.0,RECORD@2020-11-22_12.45.05,173,0.0,car,0.9319257140159608,0.8241668343544006,0,0.138,41.622
13499,884,520,965,591,-0.4183515310287475,39.44084930419922,0.5226637125015259,-0.069466046988964,39.91539764404297,39.92202758789063,0.1000000014901161,4.0,11872382.0,RECORD@2020-11-22_12.45.05,174,0.0,car,0.917367696762085,0.9089723825454712,0,0.07,41.922
13500,884,516,965,587,-0.3556139767169952,39.52750778198242,1.0466158390045166,-0.2074313163757324,39.91540145874024,39.92202758789063,0.3000000119209289,4.0,16757896.0,RECORD@2020-11-22_12.45.05,175,0.0,car,0.9179151654243468,0.8742805123329163,0,0.209,41.921
13501,884,521,965,590,-0.4947288036346435,39.568756103515625,0.5227605104446411,-0.1380822658538818,39.91588592529297,39.92202758789063,0.2000000029802322,4.0,24373476.0,RECORD@2020-11-22_12.45.05,176,0.0,car,0.9485796689987184,0.8804587721824646,0,0.139,41.922
13502,882,517,963,587,-0.3935403227806091,39.70630645751953,1.0491838455200195,-0.1380822658538818,40.117820739746094,40.12163543701172,0.2000000029802322,4.0,19272236.0,RECORD@2020-11-22_12.45.05,177,0.0,car,0.9214543104171752,0.8976840376853943,0,0.14,42.121
13503,881,523,962,591,-0.5580803155899048,39.71631240844727,0.5234182476997375,-0.280888170003891,40.1140022277832,40.12163543701172,0.4000000059604645,4.0,25455806.0,RECORD@2020-11-22_12.45.05,178,0.0,car,0.9664304256439208,0.9292811751365662,0,0.28,42.121
13504,880,517,961,586,-0.4375531375408172,39.87704086303711,1.0522656440734863,-0.3562474846839905,40.28868103027344,40.32124710083008,0.5,4.0,16504469.0,RECORD@2020-11-22_12.45.05,179,0.0,car,0.9447805881500244,0.8826138973236084,0,0.352,42.32
13505,877,516,958,585,-0.5288247466087341,39.98773956298828,1.0518447160720823,-0.4207389652729034,40.410682678222656,40.42105102539063,0.6000000238418579,5.0,16481681.0,RECORD@2020-11-22_12.45.05,180,0.0,car,0.9417763352394104,0.8923999071121216,0,0.423,42.419
13506,877,518,956,586,-0.5416185855865479,40.09407043457031,1.055689811706543,-0.3547539710998535,40.513145446777344,40.52085494995117,0.5,5.0,19312164.0,RECORD@2020-11-22_12.45.05,181,0.0,car,0.96875,0.8686436414718628,0,0.354,42.519
13507,872,519,953,586,-0.6749382615089417,40.427005767822266,1.0591819286346436,-0.4237606823444366,40.9116096496582,40.92007827758789,0.6000000238418579,6.0,15003288.0,RECORD@2020-11-22_12.45.05,182,0.0,car,0.9156256318092346,0.8807176351547241,0,0.429,42.918
13508,871,519,951,586,-0.7003686428070068,40.58085250854492,1.0645925998687744,-0.3542946577072143,41.1124267578125,41.11968612670898,0.5,6.0,17036526.0,RECORD@2020-11-22_12.45.05,183,0.0,car,0.950117528438568,0.8412771821022034,0,0.359,43.118
13509,871,517,950,583,-0.7011945247650146,40.704471588134766,1.0644714832305908,-0.7486564517021179,41.18858337402344,41.21949005126953,1.0,6.0,15937590.0,RECORD@2020-11-22_12.45.05,184,0.0,car,0.95201575756073,0.9187447428703308,0,0.719,43.213
13510,871,518,949,585,-0.740556001663208,40.84828186035156,1.0695576667785645,-0.6420764327049255,41.087013244628906,41.11968612670898,0.8999999761581421,6.0,17427630.0,RECORD@2020-11-22_12.45.05,185,0.0,car,0.9501519799232484,0.7595636248588562,0,0.646,43.115
13511,870,518,947,583,-0.7610352635383606,40.9974479675293,1.069590449333191,-0.3980621099472046,41.51201629638672,41.51890563964844,0.5,7.0,16872306.0,RECORD@2020-11-22_12.45.05,186,0.0,car,0.9524356126785278,0.8789037466049194,0,0.362,43.517
13513,871,516,948,581,-0.7940559387207031,41.31901931762695,1.0745387077331543,-0.4362192153930664,41.810302734375,41.818321228027344,0.6000000238418579,8.0,20526520.0,RECORD@2020-11-22_12.45.05,188,0.0,car,0.9690423011779784,0.909026861190796,0,0.438,43.816
13516,872,519,950,580,-0.6744440793991089,41.86180114746094,1.085993766784668,-0.3704329431056976,42.31574249267578,42.31734848022461,0.5,10.0,18684722.0,RECORD@2020-11-22_12.45.05,191,0.0,car,0.9294143915176392,0.9080943465232848,0,0.369,44.316
13519,873,523,946,582,-0.7661207318305969,42.54483795166016,1.0955264568328855,-0.5188369154930115,42.9017448425293,42.91617584228516,0.699999988079071,11.0,13936890.0,RECORD@2020-11-22_12.45.05,194,0.0,car,0.93272864818573,0.9353936314582824,0,0.524,44.913
13520,871,513,945,578,-0.8424789905548096,43.32734680175781,1.1116750240325928,-0.9910079836845398,43.69672393798828,43.71461868286133,1.2999999523162842,11.0,8881051.0,RECORD@2020-11-22_12.45.05,195,0.0,car,0.9122899770736694,0.909027636051178,0,0.992,45.703
13521,867,509,944,579,-0.8808392882347107,43.53972625732422,1.112760305404663,-0.6264472007751465,44.10840606689453,44.11383819580078,0.800000011920929,11.0,12325593.0,RECORD@2020-11-22_12.45.05,196,0.0,car,0.8272114992141724,0.8969511389732361,0,0.616,46.11
13522,867,514,942,581,-0.9323261976242064,43.77457427978516,1.1193792819976809,-0.6860300302505493,44.310150146484375,44.31344985961914,0.8999999761581421,11.0,15765643.0,RECORD@2020-11-22_12.45.05,197,0.0,car,0.8725650906562805,0.8989966511726379,0,0.696,46.308
13523,866,514,939,578,-0.9780802726745604,44.02070236206055,1.1209505796432495,-0.7761213183403015,44.49951171875,44.51305770874024,1.0,11.0,12320065.0,RECORD@2020-11-22_12.45.05,198,0.0,car,0.92616605758667,0.8683066368103027,0,0.777,46.506
13524,866,525,935,584,-1.0275325775146484,44.2913932800293,0.6628209352493286,-0.9294310808181764,44.903228759765625,44.91227722167969,1.2000000476837158,11.0,17569542.0,RECORD@2020-11-22_12.45.05,199,0.0,car,0.871109127998352,0.9236020445823668,0,0.941,46.902
13525,866,516,936,578,-1.041864275932312,44.45880126953125,1.1284584999084473,-0.8807209134101868,45.08576965332031,45.11188888549805,1.100000023841858,11.0,13564295.0,RECORD@2020-11-22_12.45.05,200,0.0,car,0.9351097345352172,0.906266450881958,0,0.866,47.104
13526,864,520,933,580,-1.096418380737305,44.78418731689453,0.6660206913948059,-0.8613113164901733,45.29960632324219,45.311500549316406,1.100000023841858,11.0,11775783.0,RECORD@2020-11-22_12.45.05,201,0.0,car,0.9119764566421508,0.9207639694213868,0,0.87,47.303
13527,866,515,935,576,-1.0532617568969729,44.952239990234375,1.1368193626403809,-0.8654040694236755,45.50817108154297,45.5111083984375,1.100000023841858,11.0,20362598.0,RECORD@2020-11-22_12.45.05,202,0.0,car,0.9708897471427916,0.8663012385368347,0,0.874,47.503
13528,866,516,935,577,-1.0005635023117063,45.2247314453125,1.1435197591781616,-0.9483010172843932,45.70376968383789,45.71072006225586,1.2000000476837158,12.0,17884172.0,RECORD@2020-11-22_12.45.05,203,0.0,car,0.9483168125152588,0.871161937713623,0,0.957,47.701
13529,867,517,936,577,-1.0743261575698853,45.487396240234375,0.5456668138504028,-1.200969696044922,45.98737335205078,46.0101318359375,1.5,12.0,13407132.0,RECORD@2020-11-22_12.45.05,204,0.0,car,0.9308688640594482,0.8818255662918091,0,1.204,47.994
13530,867,516,938,577,-0.973157286643982,45.766746520996094,0.6726839542388916,-1.1234865188598633,46.29397964477539,46.30955123901367,1.399999976158142,12.0,12589444.0,RECORD@2020-11-22_12.45.05,205,0.0,car,0.9291877746582032,0.7670270204544067,0,1.131,48.296
13531,877,516,945,575,-0.882890522480011,47.154239654541016,0.5528250336647034,-0.8283268213272095,47.6929931640625,47.70682144165039,1.0,13.0,12402902.0,RECORD@2020-11-22_12.45.05,206,0.0,car,0.9713497161865234,0.8911940455436707,0,0.833,49.7
13532,879,516,946,575,-0.7675952911376953,47.46241760253906,0.9328519105911256,-0.5821691751480103,48.0971908569336,48.10604095458984,0.699999988079071,13.0,17951502.0,RECORD@2020-11-22_12.45.05,207,0.0,car,0.972014844417572,0.8997241854667664,0,0.588,50.102
13533,878,520,946,577,-0.8981262445449829,47.75260543823242,0.5543727874755859,-0.7618534564971924,48.19230651855469,48.205848693847656,0.8999999761581421,13.0,15473045.0,RECORD@2020-11-22_12.45.05,208,0.0,car,0.960236430168152,0.9112939834594728,0,0.757,50.2
13534,880,515,947,572,-0.7479937076568604,48.01719665527344,1.1919716596603394,-0.6793472170829773,48.59664535522461,48.60506439208984,0.800000011920929,13.0,17543284.0,RECORD@2020-11-22_12.45.05,209,0.0,car,0.95415997505188,0.9016093015670776,0,0.679,50.6
13535,879,527,945,582,-0.8374372124671936,48.31321716308594,0.5566169619560242,-0.7704917192459106,48.90180587768555,48.90447998046875,0.8999999761581421,13.0,11610617.0,RECORD@2020-11-22_12.45.05,210,0.0,car,0.963126003742218,0.9180985689163208,0,0.768,50.898
13536,880,515,946,572,-0.7335074543952942,48.61946868896485,0.9464371800422668,-0.7248039245605469,48.99234390258789,49.00428771972656,0.800000011920929,13.0,15565803.0,RECORD@2020-11-22_12.45.05,211,0.0,car,0.9682725071907043,0.8896691799163818,0,0.684,51.0
13537,879,516,944,572,-0.8707910180091858,48.893775939941406,1.2038776874542236,-0.8987922072410583,49.29222106933594,49.30370330810547,1.0,14.0,10954565.0,RECORD@2020-11-22_12.45.05,212,0.0,car,0.9519612789154052,0.8886199593544006,0,0.86,51.296
13538,879,523,944,579,-0.9083572626113892,49.2658805847168,0.6950817704200745,-0.519706130027771,49.59613037109375,49.603118896484375,0.6000000238418579,13.0,11674930.0,RECORD@2020-11-22_12.45.05,213,0.0,car,0.9720813632011414,0.8735982775688171,0,0.519,51.6
13539,879,514,943,570,-0.8627992272377014,49.49787139892578,1.2143714427947998,-0.6942371726036072,49.985877990722656,50.00233459472656,0.800000011920929,14.0,8967883.0,RECORD@2020-11-22_12.45.05,214,0.0,car,0.9604007601737976,0.8413748145103455,0,0.698,51.997
13540,878,516,942,574,-0.8590347170829773,49.88111877441406,0.6994030475616455,-0.785792887210846,50.28644561767578,50.301753997802734,0.8999999761581421,14.0,11468451.0,RECORD@2020-11-22_12.45.05,215,0.0,car,0.916800856590271,0.8898539543151855,0,0.79,52.296
13541,879,516,943,572,-0.9126173853874208,50.12660598754883,0.5642201900482178,-0.701620876789093,50.48630142211914,50.50136184692383,0.800000011920929,13.0,12753804.0,RECORD@2020-11-22_12.45.05,216,0.0,car,0.9339652061462402,0.8774547576904297,0,0.705,52.496
13542,876,520,939,575,-0.9834673404693604,51.72554016113281,0.7117069959640503,-0.7238945364952087,52.091827392578125,52.098243713378906,0.800000011920929,14.0,17325964.0,RECORD@2020-11-22_12.45.05,217,0.0,car,0.9406928420066832,0.8792612552642822,0,0.727,54.093
13543,877,515,939,568,-0.9915536642074584,51.9697151184082,1.2560911178588867,-0.5936020016670227,52.29396057128906,52.29785537719727,0.6000000238418579,14.0,21906032.0,RECORD@2020-11-22_12.45.05,218,0.0,car,0.91721773147583,0.8583351969718933,0,0.548,54.295
13544,876,517,937,572,-1.0173330307006836,52.36417388916016,0.7159622311592102,-0.9200693368911744,52.63430404663086,52.69707489013672,1.0,14.0,12143679.0,RECORD@2020-11-22_12.45.05,219,0.0,car,0.9408502578735352,0.844261646270752,0,0.92,54.689
13545,877,514,937,568,-1.104638934135437,52.59503936767578,0.5738741159439087,-0.743384063243866,53.08466339111328,53.09629440307617,0.800000011920929,14.0,17796988.0,RECORD@2020-11-22_12.45.05,220,0.0,car,0.9618125557899476,0.8399360179901123,0,0.741,55.091
13546,876,515,936,568,-1.0935447216033936,52.97160339355469,0.7199535369873047,-0.743384063243866,53.29072189331055,53.29590606689453,0.800000011920929,14.0,16648234.0,RECORD@2020-11-22_12.45.05,221,0.0,car,0.963150143623352,0.8920473456382751,0,0.744,55.291
13547,875,511,935,564,-1.149696707725525,53.206790924072266,1.2770787477493286,-0.6527094841003418,53.69112777709961,53.695125579833984,0.699999988079071,14.0,10603799.0,RECORD@2020-11-22_12.45.05,222,0.0,car,0.9773579835891724,0.7483716607093811,0,0.656,55.691
13548,873,513,934,566,-1.098054051399231,53.53824615478516,1.0051922798156738,-0.7055782079696655,53.968544006347656,53.994537353515625,0.699999988079071,14.0,8461495.0,RECORD@2020-11-22_12.45.05,223,0.0,car,0.9230703115463256,0.8921359181404114,0,0.66,55.991
13549,873,513,932,565,-1.2697166204452517,53.80646133422852,0.5784012079238892,-0.8551880717277527,54.28206253051758,54.2939567565918,0.8999999761581421,13.0,12954944.0,RECORD@2020-11-22_12.45.05,224,0.0,car,0.9321998953819276,0.8734173774719238,0,0.853,56.287
13550,871,517,932,569,-1.190043807029724,54.149658203125,0.7276724576950073,-0.852055549621582,54.48527908325195,54.49356460571289,0.8999999761581421,13.0,9494374.0,RECORD@2020-11-22_12.45.05,225,0.0,car,0.9671330451965332,0.7291159629821777,0,0.856,56.487
13551,870,515,930,567,-1.272107720375061,54.39470291137695,0.5807614922523499,-1.3355112075805664,54.86864471435547,54.89278411865234,1.399999976158142,13.0,13334751.0,RECORD@2020-11-22_12.45.05,226,0.0,car,0.9148367047309875,0.8846401572227478,0,1.341,56.876
13552,868,516,928,566,-1.2663427591323853,54.6807861328125,0.7314658164978027,-1.2446058988571167,55.16640472412109,55.19219970703125,1.2999999523162842,12.0,13336029.0,RECORD@2020-11-22_12.45.05,227,0.0,car,0.9208688139915466,0.8963146805763245,0,1.252,57.178
13553,872,516,933,566,-1.2045369148254397,55.77267074584961,0.7385249733924866,-1.1735317707061768,56.27772903442383,56.29005813598633,1.2000000476837158,12.0,13139252.0,RECORD@2020-11-22_12.45.05,228,0.0,car,0.8778495192527771,0.8553268909454346,0,1.179,58.278
13554,878,518,936,566,-1.2099511623382568,55.9717025756836,0.5863332748413086,-0.9937955141067504,56.48270797729492,56.48966598510742,1.0,11.0,17199332.0,RECORD@2020-11-22_12.45.05,229,0.0,car,0.8894067406654358,0.7892363667488098,0,0.986,58.481
13555,882,518,938,569,-0.9774388670921326,56.28538131713867,0.7416256666183472,-0.8880799412727356,56.879974365234375,56.88888549804688,0.8999999761581421,11.0,30695630.0,RECORD@2020-11-22_12.45.05,230,0.0,car,0.8298233151435852,0.7808256149291992,0,0.894,58.882
13556,896,520,951,568,-0.6468914151191711,56.76702880859375,0.7445285320281982,-0.2980719804763794,57.28593444824219,57.2881088256836,0.3000000119209289,9.0,18042012.0,RECORD@2020-11-22_12.45.05,231,0.0,car,0.8972797989845276,0.7931304574012756,0,0.3,59.287
13557,903,515,957,565,-0.4049630165100097,56.86914443969727,0.5899704694747925,-0.1988271176815033,57.487152099609375,57.48771667480469,0.2000000029802322,9.0,24709430.0,RECORD@2020-11-22_12.45.05,232,0.0,car,0.8785271644592285,0.8281001448631287,0,0.201,59.487
13558,908,519,964,566,-0.2373620420694351,57.15168762207031,0.7472333908081055,0.000804295472335,57.68732833862305,57.68732833862305,-0.0,8.0,16797056.0,RECORD@2020-11-22_12.45.05,233,0.0,car,0.9160925149917604,0.7015919089317322,0,0.0,59.687
13559,913,517,970,564,-0.2004867941141128,57.26454925537109,0.5912860035896301,0.2042693197727203,57.88472366333008,57.88693618774414,-0.2000000029802322,8.0,9645934.0,RECORD@2020-11-22_12.45.05,234,0.0,car,0.933520495891571,0.8179991245269775,0,-0.202,59.887
13560,924,515,980,563,0.1642982959747314,57.61840057373047,0.5928143858909607,0.6604108810424805,58.26923370361328,58.28615951538086,-0.699999988079071,8.0,13211568.0,RECORD@2020-11-22_12.45.05,235,0.0,car,0.9645816087722778,0.7908095717430115,0,-0.712,60.282
13561,928,514,983,560,0.3961465954780578,57.86542510986328,0.752049446105957,0.6174518465995789,58.26652908325195,58.28615951538086,-0.6000000238418579,9.0,16743927.0,RECORD@2020-11-22_12.45.05,236,0.0,car,0.9187396764755248,0.7296708822250366,0,-0.61,60.283
13562,937,517,993,564,0.6812604665756226,58.85944747924805,0.5976316928863525,0.9918647408485411,59.66978454589844,59.68342971801758,-1.0,9.0,11940932.0,RECORD@2020-11-22_12.45.05,237,0.0,car,0.9013384580612184,0.8122867345809937,0,-1.042,61.674
13563,937,515,992,560,0.748661458492279,59.15925216674805,0.7606589198112488,0.9508511424064636,59.8698844909668,59.88303756713867,-0.8999999761581421,9.0,12798698.0,RECORD@2020-11-22_12.45.05,238,0.0,car,0.91778826713562,0.7233407497406006,0,-0.941,61.876
13564,939,519,993,564,0.6769447326660156,59.30020523071289,0.5991600751876831,1.1466012001037598,59.87563705444336,59.88303756713867,-1.100000023841858,10.0,16870284.0,RECORD@2020-11-22_12.45.05,239,0.0,car,0.9081498384475708,0.8213263154029846,0,-1.15,61.872
13565,938,519,993,564,0.8178759217262268,59.57402038574219,0.7632318139076233,1.354889988899231,60.081180572509766,60.08264923095703,-1.2999999523162842,9.0,10376579.0,RECORD@2020-11-22_12.45.05,240,0.0,car,0.9247770309448242,0.8287475109100342,0,-1.363,62.067
13566,940,523,993,567,0.8156178593635559,59.68526840209961,0.6008431911468506,1.157929301261902,60.26195526123047,60.282257080078125,-1.100000023841858,9.0,21138686.0,RECORD@2020-11-22_12.45.05,241,0.0,car,0.9267584681510924,0.748811662197113,0,-1.157,62.271
13567,942,516,996,563,0.903413951396942,59.949440002441406,0.7658377885818481,1.1772794723510742,60.66065979003906,60.68148040771485,-1.100000023841858,9.0,13043634.0,RECORD@2020-11-22_12.45.05,242,0.0,car,0.9175769686698914,0.8285598158836365,0,-1.165,62.67
13568,943,516,996,564,0.8445307016372681,60.092376708984375,0.6021974682807922,1.423062443733215,60.44601440429688,60.48186874389648,-1.399999976158142,8.0,10682346.0,RECORD@2020-11-22_12.45.05,243,0.0,car,0.9091832637786864,0.8771888017654419,0,-1.478,62.464
13569,945,519,997,565,0.9796229600906372,60.32796859741211,0.7682787775993347,1.4301385879516602,60.948577880859375,60.98089599609375,-1.399999976158142,9.0,13200809.0,RECORD@2020-11-22_12.45.05,244,0.0,car,0.9235466122627258,0.872298538684845,0,-1.49,62.963
13570,947,518,1000,565,0.9642590284347534,60.484153747558594,0.6037064790725708,1.493186116218567,60.95399475097656,61.0806999206543,-1.399999976158142,8.0,12984486.0,RECORD@2020-11-22_12.45.05,245,0.0,car,0.9161658883094788,0.8832035064697266,0,-1.492,63.062
13571,951,518,1004,565,1.164322853088379,60.719764709472656,0.7707857489585876,1.7174774408340454,61.2578353881836,61.28030776977539,-1.600000023841858,8.0,12729066.0,RECORD@2020-11-22_12.45.05,246,0.0,car,0.896271824836731,0.7827907800674438,0,-1.711,63.256
13572,955,520,1007,566,1.284929633140564,60.88092803955078,0.6053316593170166,1.725841760635376,61.34894180297852,61.38011169433594,-1.600000023841858,8.0,12678604.0,RECORD@2020-11-22_12.45.05,247,0.0,car,0.93772292137146,0.8939173221588135,0,-1.714,63.356
13573,976,521,1029,567,2.100674629211426,61.526004791259766,0.6081175208091736,2.739185333251953,62.1094856262207,62.17855453491211,-2.5,8.0,19160174.0,RECORD@2020-11-22_12.45.05,248,0.0,car,0.9331300854682922,0.9146047234535216,0,-2.712,64.119
13574,979,517,1031,563,2.1676924228668213,61.79798889160156,0.7781087160110474,2.844115257263184,62.4085693359375,62.477970123291016,-2.5999999046325684,8.0,15015518.0,RECORD@2020-11-22_12.45.05,249,0.0,car,0.9101489186286926,0.7696630358695984,0,-2.834,64.414
13575,983,519,1035,563,2.270459175109864,61.93111038208008,0.6096265316009521,2.962796688079834,62.4085693359375,62.477970123291016,-2.700000047683716,8.0,12309269.0,RECORD@2020-11-22_12.45.05,250,0.0,car,0.9116541743278505,0.8464942574501038,0,-2.943,64.409
13576,988,515,1040,557,2.472618341445923,62.1752815246582,0.7808796167373657,3.0431506633758545,62.68292236328125,62.77738571166992,-2.799999952316284,9.0,12142574.0,RECORD@2020-11-22_12.45.05,251,0.0,car,0.9441016912460328,0.8113833665847778,0,-3.067,64.702
13577,992,516,1044,559,2.589372158050537,62.28919219970703,0.6109421253204346,3.312511920928955,62.9721565246582,63.07680130004883,-3.0,9.0,12470561.0,RECORD@2020-11-22_12.45.05,252,0.0,car,0.9370858669281006,0.8068040609359741,0,-3.301,64.99
13578,996,515,1049,557,2.775416374206543,62.50164413452149,0.7833535671234131,3.5553553104400635,63.177696228027344,63.27640914916992,-3.200000047683716,9.0,13539313.0,RECORD@2020-11-22_12.45.05,253,0.0,car,0.9049720764160156,0.8346707820892334,0,-3.532,65.178
13579,1000,508,1051,549,2.9336583614349365,62.71134567260742,1.441482424736023,3.78390383720398,63.33640670776367,63.47602081298828,-3.400000095367432,9.0,9535667.0,RECORD@2020-11-22_12.45.05,254,0.0,car,0.8988667130470276,0.7922772169113159,0,-3.765,65.364
13580,1004,517,1056,560,3.059634208679199,62.92057037353516,0.7858275771141052,3.654817819595337,63.17143630981445,63.27640914916992,-3.299999952316284,9.0,18053592.0,RECORD@2020-11-22_12.45.05,255,0.0,car,0.8972411751747131,0.8454736471176147,0,-3.642,65.171
13581,1007,511,1058,554,3.1020069122314453,63.05830764770508,0.6145792603492737,3.753573894500733,63.55681228637695,63.67563247680664,-3.400000095367432,9.0,9147036.0,RECORD@2020-11-22_12.45.05,256,0.0,car,0.9559133052825928,0.7934870719909668,0,-3.776,65.564
13582,1006,515,1058,558,3.114387989044189,63.281681060791016,0.7884665131568909,3.7277040481567374,63.756046295166016,63.87524032592773,-3.400000095367432,9.0,13347209.0,RECORD@2020-11-22_12.45.05,257,0.0,car,0.962014377117157,0.7713056206703186,0,-3.788,65.763
13583,1007,516,1058,558,3.027960062026977,63.4134407043457,0.6154305338859558,3.7122838497161865,63.95528411865234,64.0748519897461,-3.299999952316284,9.0,10797969.0,RECORD@2020-11-22_12.45.05,258,0.0,car,0.9603978395462036,0.5803192853927612,0,-3.688,65.969
13584,1007,517,1058,559,3.218379497528076,63.657371520996094,0.7909075021743774,3.900377988815308,64.11782836914062,64.27445983886719,-3.5,9.0,11983578.0,RECORD@2020-11-22_12.45.05,259,0.0,car,0.8972559571266174,0.8219398260116577,0,-3.924,66.155
13585,1010,517,1061,558,3.343634605407715,64.45802307128906,0.7961193323135376,3.848301410675049,64.75904846191406,64.873291015625,-3.400000095367432,8.0,11427403.0,RECORD@2020-11-22_12.45.05,260,0.0,car,0.9446237087249756,0.6685120463371277,0,-3.847,66.759
13586,1011,514,1062,556,3.247521162033081,64.57090759277344,0.619918942451477,3.973510026931762,65.14718627929688,65.27251434326172,-3.5,8.0,13477838.0,RECORD@2020-11-22_12.45.05,261,0.0,car,0.9020689725875854,0.7538883686065674,0,-3.985,67.151
13587,1010,513,1062,555,3.242729425430298,64.94889068603516,0.6214279532432556,3.99788761138916,65.34994506835938,65.47212219238281,-3.5,9.0,13606354.0,RECORD@2020-11-22_12.45.05,263,0.0,car,0.867996096611023,0.8381156921386719,0,-3.997,67.35
13588,1010,506,1061,548,3.4020214080810547,65.15103149414062,1.4861078262329102,3.985698938369751,65.92562866210938,66.07095336914062,-3.5,8.0,7234806.0,RECORD@2020-11-22_12.45.05,264,0.0,car,0.8282601833343506,0.7422679662704468,0,-4.034,67.948
13589,1010,521,1061,564,3.4381349086761475,65.33316802978516,0.6230143308639526,3.769749402999878,65.86814880371094,65.97114562988281,-3.299999952316284,8.0,9741602.0,RECORD@2020-11-22_12.45.05,265,1.0,car,0.8744613528251648,0.7575855255126953,0,-3.798,67.862
13590,1008,514,1058,556,3.3342926502227783,65.55084228515625,0.8034093379974365,3.8381235599517822,65.94766235351562,66.07095336914062,-3.299999952316284,8.0,7587091.5,RECORD@2020-11-22_12.45.05,266,0.0,car,0.8856489062309265,0.8219102025032043,0,-3.803,67.961
13591,1005,514,1056,556,3.1087217330932617,65.66350555419922,0.6241751909255981,3.8042287826538086,66.35311889648438,66.47017669677734,-3.299999952316284,8.0,10701485.0,RECORD@2020-11-22_12.45.05,267,0.0,car,0.868218719959259,0.8012661933898926,0,-3.826,68.36
13592,1001,516,1052,558,3.074598550796509,66.24098205566406,0.8076646327972412,3.67592453956604,66.65776062011719,66.76959228515625,-3.200000047683716,8.0,7049168.0,RECORD@2020-11-22_12.45.05,270,0.0,car,0.8901684880256653,0.7841745018959045,0,-3.727,68.665
13593,1000,514,1050,557,2.981016159057617,66.40573120117188,0.6268836855888367,3.4268269538879395,66.79781341552734,66.86939239501953,-3.0,8.0,9728318.0,RECORD@2020-11-22_12.45.05,271,0.0,car,0.8981131315231323,0.773490846157074,0,-3.5,68.778
13594,1002,512,1052,555,3.1242384910583496,67.25678253173828,0.8146247863769531,3.6495397090911865,67.79754638671875,67.86744689941406,-3.0999999046325684,7.0,5388373.0,RECORD@2020-11-22_12.45.05,272,0.0,car,0.9135428071022034,0.5978172421455383,0,-3.67,69.768
13595,1004,512,1055,555,3.1130805015563965,67.30322265625,0.630578875541687,3.8652548789978014,67.97372436523438,68.06705474853516,-3.299999952316284,7.0,10328303.0,RECORD@2020-11-22_12.45.05,273,0.0,car,0.8729307055473328,0.8294937610626221,0,-3.918,69.954
13596,1006,513,1056,555,3.2910826206207275,67.5574722290039,0.8164390325546265,4.031835556030273,68.15330505371094,68.26666259765625,-3.400000095367432,7.0,7287977.0,RECORD@2020-11-22_12.45.05,274,0.0,car,0.937408208847046,0.7978692054748535,0,-4.049,70.147
13597,1006,511,1055,553,3.1276237964630127,67.62188720703125,0.6317396759986877,3.6221632957458496,67.9798355102539,68.06705474853516,-3.0999999046325684,7.0,13603178.0,RECORD@2020-11-22_12.45.05,275,0.0,car,0.8956000804901123,0.840565025806427,0,-3.681,69.967
13599,1007,510,1056,551,3.1849024295806885,68.0592041015625,0.6335002183914185,3.811697483062744,68.35945892333984,68.46627044677734,-3.200000047683716,6.0,10079836.0,RECORD@2020-11-22_12.45.05,277,0.0,car,0.903130829334259,0.6225682497024536,0,-3.822,70.36
13600,1007,505,1057,546,3.3823044300079346,68.23196411132812,1.538668870925903,4.0192060470581055,68.76115417480469,68.86549377441406,-3.400000095367432,6.0,6390611.5,RECORD@2020-11-22_12.45.05,278,0.0,car,0.9099329113960266,0.7872158885002136,0,-4.084,70.744
13601,1007,505,1056,547,3.496776819229126,68.39043426513672,1.538827896118164,4.060819625854492,68.54783630371094,68.66588592529297,-3.400000095367432,5.0,7401814.0,RECORD@2020-11-22_12.45.05,279,0.0,car,0.9116082191467284,0.7128896117210388,0,-4.072,70.545
13602,1006,501,1057,544,3.4020771980285645,68.45833587646484,1.5422642230987549,3.8013124465942383,68.82281494140625,68.96530151367188,-3.200000047683716,4.0,10324884.0,RECORD@2020-11-22_12.45.05,280,0.0,car,0.8263223767280579,0.7918145060539246,0,-3.85,70.858
13603,1006,505,1056,547,3.5070788860321045,68.59097290039062,1.5422405004501345,3.850414276123047,68.92724609375,69.06510162353516,-3.200000047683716,4.0,7306689.5,RECORD@2020-11-22_12.45.05,281,0.0,car,0.8488966226577759,0.8166239857673645,0,-3.855,70.957
13604,1002,505,1052,546,3.352302312850952,68.88502502441406,1.5470181703567505,3.5089802742004395,69.1592025756836,69.26471710205078,-2.900000095367432,3.0,7617445.5,RECORD@2020-11-22_12.45.05,282,0.0,car,0.8792957067489624,0.7820338606834412,0,-3.504,71.176
13605,1000,502,1049,544,3.156502723693848,68.93213653564453,1.550482153892517,3.336111068725586,69.4364013671875,69.56413269042969,-2.799999952316284,2.0,5183738.5,RECORD@2020-11-22_12.45.05,283,0.0,car,0.8569434881210327,0.8119975924491882,0,-3.398,71.481
13606,1000,500,1049,543,3.228628396987915,69.01502227783203,1.5493218898773191,3.635894775390625,69.55525207519531,69.66393280029297,-3.0,2.0,7004182.0,RECORD@2020-11-22_12.45.05,284,0.0,car,0.8946619033813477,0.8619558811187744,0,-3.646,71.568
13607,993,500,1043,541,2.8848953247070312,69.17362213134766,1.5548479557037354,3.636448621749878,69.46874237060547,69.56413269042969,-3.0,3.0,12137130.0,RECORD@2020-11-22_12.45.05,287,0.0,car,0.9112863540649414,0.8506778478622437,0,-3.641,71.469
13608,992,505,1041,546,2.912201166152954,69.26551055908203,1.5531609058380127,3.40403699874878,69.58071899414062,69.66393280029297,-2.799999952316284,3.0,13447399.0,RECORD@2020-11-22_12.45.05,288,0.0,car,0.8876138925552368,0.6665582656860352,0,-3.403,71.581
13609,992,513,1042,555,2.7805638313293457,69.38072967529297,0.6383368968963623,3.290996551513672,69.74764251708984,69.8635482788086,-2.700000047683716,4.0,9317501.0,RECORD@2020-11-22_12.45.05,290,0.0,car,0.939946711063385,0.7772125601768494,0,-3.291,71.786
13610,991,506,1042,547,2.795297145843506,69.45038604736328,1.5594706535339355,3.525472640991211,69.57466888427734,69.66393280029297,-2.900000095367432,4.0,10048186.0,RECORD@2020-11-22_12.45.05,291,0.0,car,0.8617658615112305,0.8171003460884094,0,-3.525,71.575
13611,991,497,1041,539,2.8747124671936035,69.54553985595703,1.5582799911499023,3.540356159210205,69.86524963378906,69.96334838867188,-2.900000095367432,4.0,7709153.0,RECORD@2020-11-22_12.45.05,292,1.0,car,0.8966934084892273,0.8251475095748901,0,-3.54,71.874
13613,992,501,1041,543,2.9319934844970703,69.7597427368164,1.5647780895233154,3.3014020919799805,70.16510009765625,70.26276397705078,-2.700000047683716,4.0,8341958.5,RECORD@2020-11-22_12.45.05,294,0.0,car,0.9093616604804992,0.8579856157302856,0,-3.31,72.185
13614,986,496,1036,539,2.6823930740356445,70.23628234863281,1.5729104280471802,3.565879344940185,70.57274627685547,70.6619873046875,-2.900000095367432,5.0,8496217.0,RECORD@2020-11-22_12.45.05,297,1.0,car,0.8488257527351379,0.6877115368843079,0,-3.575,72.571
13615,977,497,1027,539,2.418184757232666,70.608154296875,1.5765376091003418,3.205934762954712,70.9935302734375,71.06120300292969,-2.5999999046325684,6.0,7492872.0,RECORD@2020-11-22_12.45.05,300,1.0,car,0.8827912211418152,0.826653778553009,0,-3.224,72.988
13616,972,504,1022,544,2.121487617492676,70.7075424194336,1.5804436206817627,2.7212092876434326,71.01344299316406,71.06120300292969,-2.200000047683716,5.0,10350723.0,RECORD@2020-11-22_12.45.05,301,0.0,car,0.8903239965438843,0.8636202812194824,0,-2.728,73.009
13634,1018,507,1069,548,4.121383666992188,78.09321594238281,0.6725996136665344,4.53978967666626,78.73788452148438,78.84600067138672,-3.299999952316284,225.0,8301691.0,RECORD@2020-11-22_12.45.05,331,1.0,car,0.8767474293708801,0.7935305237770081,2,-4.539,80.715
13634,904,508,956,551,-0.8221714496612549,72.86255645751953,0.6518407464027405,0.2567357420921325,73.2564697265625,73.25691986083984,-0.2000000029802322,2.0,7484771.5,RECORD@2020-11-22_12.45.05,331,1.0,car,0.8857725262641907,0.767915666103363,0,-0.256,75.256
13636,1018,516,1069,557,4.284005641937256,76.68439483642578,0.6672406196594238,4.729208469390869,77.30420684814453,77.44873046875,-3.5,225.0,7253898.0,RECORD@2020-11-22_12.45.05,333,1.0,car,0.8518825769424438,0.8523586392402649,2,-4.728,79.304
13636,907,520,960,562,-0.5725042819976807,73.01603698730469,0.6525179147720337,0.2566966414451599,73.44432830810547,73.45652770996094,-0.2000000029802322,3.0,11499824.0,RECORD@2020-11-22_12.45.05,333,1.0,car,0.847182035446167,0.8614672422409058,0,-0.256,75.456
13640,1009,505,1059,546,3.819422721862793,73.99398040771484,1.634040594100952,3.983642101287842,74.55841827392578,74.65419006347656,-3.0999999046325684,225.0,8274572.0,RECORD@2020-11-22_12.45.05,337,1.0,car,0.9308375120162964,0.5595109462738037,2,-4.037,76.545
13640,904,507,954,551,-0.594899594783783,73.37826538085938,1.6219255924224854,-0.1275272220373153,73.85569763183594,73.85575103759766,0.1000000014901161,4.0,5830656.0,RECORD@2020-11-22_12.45.05,337,1.0,car,0.8415796756744385,0.7351375818252563,0,0.129,75.856
13719,838,504,892,547,-3.313688039779663,74.27333068847656,1.6390740871429443,-2.9989705085754395,74.89512634277344,74.95359802246094,2.299999952316284,246.0,13226809.0,RECORD@2020-11-22_12.45.05,580,0.0,car,0.6802047491073608,0.6241228580474854,0,3.008,76.893
13722,817,523,868,565,-4.013991832733154,71.62901306152344,0.843421995639801,-3.5190744400024414,71.97328186035156,72.05925750732422,2.799999952316284,252.0,9274985.0,RECORD@2020-11-22_12.45.05,610,0.0,car,0.8445584177970886,0.8554301261901855,0,3.52,73.973
13739,946,517,998,564,1.2190144062042236,72.0483169555664,0.6488226652145386,1.392027497291565,72.33441162109375,72.35867309570312,-1.100000023841858,223.0,14580041.0,RECORD@2020-11-22_12.45.05,640,0.0,car,0.8860634565353394,0.5079975128173828,3,-1.389,74.345
13739,832,527,882,569,-3.330265522003174,69.08258819580078,0.6374856233596802,-2.9158084392547607,69.39027404785156,69.46432495117188,2.400000095367432,251.0,6656928.0,RECORD@2020-11-22_12.45.05,640,0.0,car,0.9149019122123718,0.8497639298439026,0,2.909,71.403
13740,946,518,998,564,1.2272067070007324,71.26811981201172,0.8409479856491089,1.5017335414886477,71.64429473876953,71.6600341796875,-1.2000000476837158,223.0,18140108.0,RECORD@2020-11-22_12.45.05,641,0.0,truck,0.849183976650238,0.6116971373558044,3,-1.501,73.644
13740,831,528,882,569,-3.361090898513794,68.95124053955078,-0.0848176032304763,-3.020319700241089,69.39286041259766,69.46432495117188,2.5,251.0,9531696.0,RECORD@2020-11-22_12.45.05,641,0.0,car,0.9290395379066468,0.8789307475090027,0,3.03,71.398
13742,948,518,1002,565,1.1481527090072632,69.83920288085938,0.8313488960266113,1.459680199623108,70.23395538330078,70.26276397705078,-1.2000000476837158,223.0,17437136.0,RECORD@2020-11-22_12.45.05,643,1.0,truck,0.8915891051292419,0.6431828737258911,3,-1.471,72.247
13742,832,527,883,569,-3.360570192337036,68.75123596191406,0.3706597089767456,-2.770322322845459,68.9990005493164,69.06510162353516,2.299999952316284,251.0,8934057.0,RECORD@2020-11-22_12.45.05,643,1.0,car,0.925843060016632,0.848481297492981,0,2.772,71.009
13744,947,520,1001,568,1.2161309719085691,68.35662841796875,0.821584939956665,1.1921876668930054,68.44081115722656,68.46627044677734,-1.0,223.0,20053758.0,RECORD@2020-11-22_12.45.05,645,1.0,truck,0.8880650401115417,0.6515541076660156,3,-1.195,70.456
13744,831,529,882,571,-3.365220546722412,68.42340850830078,-0.0815849006175994,-3.122985601425171,68.79464721679688,68.86549377441406,2.5999999046325684,250.0,7815891.0,RECORD@2020-11-22_12.45.05,645,1.0,car,0.9090011119842528,0.8068968653678894,0,3.124,70.795
13745,950,523,1004,570,1.3686076402664185,67.61600494384766,0.6313720941543579,1.6087045669555664,67.83533477783203,67.86744689941406,-1.399999976158142,223.0,17267514.0,RECORD@2020-11-22_12.45.05,646,1.0,truck,0.8291364908218384,0.5449042320251465,3,-1.658,69.847
13745,831,532,881,573,-3.3247015476226807,68.32586669921875,0.63462233543396,-2.9942073822021484,68.60057067871094,68.66588592529297,2.5,250.0,8173664.5,RECORD@2020-11-22_12.45.05,646,1.0,car,0.9298551678657532,0.7869112491607666,0,2.995,70.601
13746,948,518,1002,567,1.2005866765975952,66.8572006225586,0.8120847940444946,1.4055222272872925,67.15011596679688,67.16880798339844,-1.2000000476837158,223.0,16275219.0,RECORD@2020-11-22_12.45.05,647,1.0,truck,0.8746941089630127,0.7201647758483887,3,-1.407,69.154
13746,830,528,881,570,-3.433330535888672,68.19248962402344,-0.0797376632690429,-2.746720552444458,68.50566101074219,68.56607818603516,2.299999952316284,250.0,8280252.5,RECORD@2020-11-22_12.45.05,647,1.0,car,0.9239856004714966,0.8047611117362976,0,2.752,70.511
13747,949,520,1004,570,1.3530080318450928,66.16307067871094,0.6259937286376953,1.5041972398757937,66.64732360839844,66.66978454589844,-1.2999999523162842,223.0,18073454.0,RECORD@2020-11-22_12.45.05,648,1.0,truck,0.8949182629585266,0.7985436916351318,3,-1.513,68.653
13747,829,530,881,571,-3.3935234546661377,68.06574249267578,0.6335389614105225,-2.8740346431732178,68.39583587646484,68.46627044677734,2.400000095367432,250.0,9672528.0,RECORD@2020-11-22_12.45.05,648,1.0,car,0.875178873538971,0.72412109375,0,2.867,70.406
13748,948,517,1005,568,1.1731661558151243,65.38113403320312,0.80430006980896,1.371848464012146,65.6548080444336,65.6717300415039,-1.2000000476837158,223.0,16806412.0,RECORD@2020-11-22_12.45.05,649,1.0,truck,0.8443675637245178,0.6309539079666138,3,-1.375,67.657
13748,831,525,882,568,-3.359215259552002,67.94775390625,0.8190779685974121,-2.9767990112304688,68.20172882080078,68.26666259765625,2.5,250.0,7620791.5,RECORD@2020-11-22_12.45.05,649,1.0,car,0.9380803108215332,0.8138120770454407,0,2.978,70.202
13749,949,519,1009,572,1.385387659072876,64.69365692138672,0.6203832626342773,1.4853953123092651,64.85903930664062,64.873291015625,-1.2999999523162842,223.0,19480104.0,RECORD@2020-11-22_12.45.05,650,1.0,truck,0.9175440669059752,0.7834486961364746,3,-1.472,66.857
13749,832,530,883,571,-3.297727584838867,67.77127838134766,0.632416844367981,-2.8494043350219727,68.10191345214844,68.16685485839844,2.400000095367432,249.0,7684503.0,RECORD@2020-11-22_12.45.05,650,1.0,car,0.9361236095428468,0.7396880388259888,0,2.855,70.107
13750,951,517,1010,568,1.3552948236465454,63.93154144287109,0.793480396270752,1.5712611675262451,64.2552490234375,64.27445983886719,-1.399999976158142,224.0,26040972.0,RECORD@2020-11-22_12.45.05,651,1.0,truck,0.8513645529747009,0.6681795120239258,3,-1.57,66.255
13750,832,525,883,567,-3.235391139984131,67.67710876464844,0.8171976804733276,-3.205449104309082,67.99153900146484,68.06705474853516,2.700000047683716,249.0,6639935.0,RECORD@2020-11-22_12.45.05,651,1.0,car,0.9521088004112244,0.8099555373191833,0,3.206,69.991
13751,951,518,1012,570,1.4176206588745115,63.2267951965332,0.6151596307754517,1.6729495525360107,63.83737182617188,63.87524032592773,-1.5,224.0,15381511.0,RECORD@2020-11-22_12.45.05,652,1.0,truck,0.8555451035499573,0.7518569231033325,3,-1.672,65.853
13751,833,527,883,569,-3.223314046859741,67.4827651977539,0.6312947273254395,-2.714688777923584,67.80795288085938,67.86744689941406,2.299999952316284,249.0,11431756.0,RECORD@2020-11-22_12.45.05,652,1.0,car,0.9453093409538268,0.7720038890838623,0,2.724,69.813
13752,962,518,1022,572,1.6600792407989502,61.1083984375,0.774645209312439,1.8394060134887693,61.45273971557617,61.47991943359375,-1.7000000476837158,225.0,26897810.0,RECORD@2020-11-22_12.45.05,653,1.0,truck,0.876092791557312,0.7961375713348389,3,-1.824,63.453
13752,841,528,894,571,-2.94067931175232,67.05083465576172,0.8129094839096069,-2.3467040061950684,67.22766876220703,67.26861572265625,2.0,248.0,10578042.0,RECORD@2020-11-22_12.45.05,653,1.0,car,0.8828973174095154,0.687308132648468,0,2.348,69.228
13753,964,517,1027,573,1.7801326513290403,60.45676040649414,0.6042869091033936,1.9131697416305544,60.64809036254883,60.68148040771485,-1.7999999523162842,225.0,27927806.0,RECORD@2020-11-22_12.45.05,654,1.0,truck,0.9236406683921814,0.6506044864654541,3,-1.906,62.652
13753,844,529,896,571,-2.803919792175293,66.85499572753906,0.6287022829055786,-2.229366064071656,67.2316665649414,67.26861572265625,1.899999976158142,249.0,7716856.0,RECORD@2020-11-22_12.45.05,654,1.0,car,0.8944290280342102,0.8435983061790466,0,2.23,69.232
13754,971,516,1034,571,1.9758200645446773,59.72514724731445,0.7655079364776611,2.306927442550659,60.0291862487793,60.08264923095703,-2.200000047683716,225.0,18430398.0,RECORD@2020-11-22_12.45.05,655,1.0,truck,0.8877544403076172,0.8226438760757446,3,-2.306,62.038
13754,849,527,901,570,-2.578653573989868,66.6578369140625,-0.0697757303714752,-2.0500378608703613,67.09309387207031,67.16880798339844,1.7000000476837158,248.0,6810069.0,RECORD@2020-11-22_12.45.05,655,1.0,car,0.8866957426071167,0.7743951678276062,0,1.993,69.139
13755,978,517,1040,575,2.211503505706787,59.03639221191406,0.5988698601722717,2.681076765060425,59.41349792480469,59.48381805419922,-2.5999999046325684,226.0,15862633.0,RECORD@2020-11-22_12.45.05,656,1.0,truck,0.8660895228385925,0.7982138395309448,3,-2.698,61.423
13755,855,530,907,573,-2.3866875171661377,66.51891326904297,0.6274253726005554,-1.9269700050354004,66.93226623535156,66.96919250488281,1.600000023841858,248.0,11218452.0,RECORD@2020-11-22_12.45.05,656,1.0,car,0.9545071721076964,0.7335500717163086,0,1.87,68.943
13756,981,518,1047,574,2.307931900024414,58.36153411865234,0.7567994594573975,2.466667652130127,58.62019348144531,58.68537902832031,-2.400000095367432,225.0,18009816.0,RECORD@2020-11-22_12.45.05,657,1.0,truck,0.8442600965499878,0.7065933346748352,3,-2.457,60.634
13756,859,529,911,572,-2.1867473125457764,66.35973358154297,-0.067334771156311,-1.395085096359253,66.8469009399414,66.86939239501953,1.2000000476837158,248.0,11063509.0,RECORD@2020-11-22_12.45.05,657,1.0,car,0.91881662607193,0.8171725273132324,0,1.4,68.855
13757,985,515,1052,574,2.4793930053710938,57.70475387573242,0.5936269760131836,2.53450870513916,58.25062561035156,58.28615951538086,-2.5,226.0,18339246.0,RECORD@2020-11-22_12.45.05,658,0.0,truck,0.9251798391342164,0.7742956876754761,3,-2.542,60.231
13757,864,527,915,570,-2.0401177406311035,66.19776916503906,0.6260711550712585,-1.5116304159164429,66.55149841308594,66.56997680664062,1.2999999523162842,248.0,14893548.0,RECORD@2020-11-22_12.45.05,658,0.0,car,0.9173304438591005,0.8153218030929565,0,1.51,68.553
13758,991,517,1057,576,2.5358262062072754,57.00749969482422,0.7477611899375916,2.9040002822875977,57.31249237060547,57.38791275024414,-2.900000095367432,226.0,16108089.0,RECORD@2020-11-22_12.45.05,659,0.0,truck,0.9410606026649476,0.6150205731391907,3,-2.903,59.314
13758,868,531,920,573,-1.887120485305786,65.98908233642578,-0.0652895867824554,-1.271301507949829,66.25836944580078,66.27056121826172,1.100000023841858,248.0,14942090.0,RECORD@2020-11-22_12.45.05,659,0.0,car,0.9000402688980103,0.799839437007904,0,1.272,68.258
13759,996,513,1062,570,2.7023727893829346,56.37623977661133,0.5886935591697693,2.699436902999878,56.81846237182617,56.88888549804688,-2.700000047683716,225.0,17073140.0,RECORD@2020-11-22_12.45.05,660,0.0,truck,0.8506081104278564,0.7164823412895203,3,-2.68,58.826
13759,874,524,925,567,-1.5647574663162231,65.87097930908203,0.6247942447662354,-0.9806170463562012,66.26411437988281,66.27056121826172,0.800000011920929,248.0,11274772.0,RECORD@2020-11-22_12.45.05,660,0.0,car,0.9524234533309937,0.820934534072876,0,0.925,68.264
13760,1003,517,1069,574,2.8392724990844727,55.66833114624024,0.7389208078384399,2.8385612964630127,56.0185775756836,56.09044647216797,-2.900000095367432,226.0,16290514.0,RECORD@2020-11-22_12.45.05,661,0.0,truck,0.8238922357559204,0.7237533926963806,3,-2.838,58.019
13760,879,527,932,570,-1.4253469705581665,65.73321533203125,0.803871214389801,-0.8062677383422852,66.2618408203125,66.27056121826172,0.699999988079071,248.0,11029744.0,RECORD@2020-11-22_12.45.05,661,0.0,car,0.9492628574371338,0.7888073921203613,0,0.81,68.266
13761,1009,515,1076,574,3.091695547103882,54.9797248840332,0.5833926200866699,3.1486401557922363,55.363059997558594,55.49161529541016,-3.299999952316284,225.0,13191491.0,RECORD@2020-11-22_12.45.05,662,0.0,truck,0.8678127527236938,0.7758475542068481,3,-3.194,57.4
13761,887,526,940,569,-1.1113593578338623,65.55290222167969,0.6237495541572571,-0.6888720989227295,65.86774444580078,65.87134552001953,0.6000000238418579,249.0,11219582.0,RECORD@2020-11-22_12.45.05,662,0.0,car,0.9375175833702089,0.8315184116363525,0,0.69,67.868
13762,1014,514,1085,576,3.227787494659424,54.27243423461914,0.7298824787139893,3.327510118484497,54.61310195922852,54.69317626953125,-3.5,225.0,9764353.0,RECORD@2020-11-22_12.45.05,663,0.0,truck,0.9220831990242004,0.7093393206596375,3,-3.339,56.591
13762,894,527,946,570,-0.9231505393981934,65.39034271240234,0.8016611337661743,-0.1705006957054138,65.66162872314453,65.6717300415039,0.1000000014901161,248.0,13684972.0,RECORD@2020-11-22_12.45.05,663,0.0,car,0.9479404091835022,0.8822718262672424,0,0.115,67.672
13763,1019,514,1091,577,3.4310762882232666,53.56916809082031,0.5779949426651001,3.774181842803955,53.96902847290039,54.09434509277344,-4.0,225.0,12701032.0,RECORD@2020-11-22_12.45.05,664,0.0,truck,0.8639128804206848,0.675130307674408,3,-3.773,55.963
13763,900,527,951,570,-0.7215507626533508,65.22056579589844,0.6222018003463745,-0.2272805571556091,65.56668090820312,65.57192993164062,0.2000000029802322,248.0,11868349.0,RECORD@2020-11-22_12.45.05,664,0.0,car,0.9363110661506652,0.7681698203086853,0,0.229,67.572
13764,1025,513,1098,577,3.5288403034210205,52.88623809814453,0.7209761738777161,3.678343772888184,53.25484848022461,53.39570999145508,-4.0,225.0,15242095.0,RECORD@2020-11-22_12.45.05,665,1.0,truck,0.8613609075546265,0.5376808047294617,3,-3.725,55.266
13764,906,527,958,570,-0.479388564825058,65.07955169677734,0.7994509935379028,0.0009156165760941,65.47122192382812,65.47212219238281,-0.0,249.0,10791901.0,RECORD@2020-11-22_12.45.05,665,1.0,car,0.9483113288879396,0.8874213695526123,0,0.0,67.472
13765,1037,516,1115,579,3.8453214168548575,50.84954452514648,0.567683219909668,3.772696495056152,51.189903259277344,51.2998046875,-4.300000190734863,226.0,11536924.0,RECORD@2020-11-22_12.45.05,666,0.0,truck,0.9029521942138672,0.537123441696167,3,-3.846,53.155
13765,916,525,967,568,-0.1023513004183769,64.59549713134766,0.6197254657745361,0.4538017809391022,64.87239837646484,64.873291015625,-0.4000000059604645,250.0,9755664.0,RECORD@2020-11-22_12.45.05,666,0.0,car,0.92259281873703,0.7806106805801392,0,-0.453,66.872
13766,1042,516,1120,582,3.885998725891113,50.1870346069336,0.702734649181366,3.976231813430786,50.35148620605469,50.50136184692383,-4.5,226.0,17814506.0,RECORD@2020-11-22_12.45.05,667,0.0,truck,0.9011666774749756,0.5747181177139282,3,-3.962,52.346
13766,920,527,971,570,0.0343950614333152,64.49583435058594,0.7955915927886963,0.4521299004554748,64.8697280883789,64.873291015625,-0.4000000059604645,250.0,5365645.5,RECORD@2020-11-22_12.45.05,667,0.0,car,0.9265807271003724,0.796569287776947,0,-0.453,66.872
13767,1045,514,1126,582,4.096875190734863,49.50843048095703,0.5624596476554871,3.915402889251709,49.9675407409668,50.102142333984375,-4.5,226.0,17473018.0,RECORD@2020-11-22_12.45.05,668,0.0,truck,0.910455286502838,0.6744070053100586,3,-3.931,51.948
13767,925,524,976,568,0.3472333550453186,64.32831573486328,0.6187194585800171,0.3952441215515136,64.66215515136719,64.6736831665039,-0.4000000059604645,250.0,7201648.0,RECORD@2020-11-22_12.45.05,668,0.0,car,0.9504896998405457,0.8541748523712158,0,-0.452,66.672
13768,1051,514,1133,583,4.148529052734375,48.81364440917969,0.6943560838699341,3.90437388420105,49.10072708129883,49.30370330810547,-4.599999904632568,226.0,14481944.0,RECORD@2020-11-22_12.45.05,669,0.0,truck,0.9241286516189576,0.5238761305809021,3,-3.954,51.145
13768,930,524,981,568,0.4170028567314148,64.2136001586914,0.7935464382171631,0.677000880241394,64.56050109863281,64.57388305664062,-0.6000000238418579,250.0,7828718.5,RECORD@2020-11-22_12.45.05,669,0.0,car,0.9329023957252502,0.8357621431350708,0,-0.676,66.57
13769,1057,517,1139,586,4.279777526855469,48.14471435546875,0.5567717552185059,4.159088134765625,48.61572265625,48.90447998046875,-4.900000095367432,226.0,13078153.0,RECORD@2020-11-22_12.45.05,670,0.0,truck,0.9090314507484436,0.5357761979103088,3,-4.177,50.726
13769,934,527,985,570,0.5975609421730042,64.05296325683594,0.6176553964614868,1.0134592056274414,64.27029418945312,64.27445983886719,-0.8999999761581421,251.0,7453782.0,RECORD@2020-11-22_12.45.05,670,0.0,car,0.9397156238555908,0.7651628255844116,0,-1.01,66.267
13770,1064,513,1148,583,4.423065662384033,47.461082458496094,0.685350775718689,4.092060089111328,47.9442253112793,48.10604095458984,-4.900000095367432,226.0,13485306.0,RECORD@2020-11-22_12.45.05,671,0.0,truck,0.9150443077087402,0.7582553029060364,3,-4.109,49.93
13770,937,523,987,566,0.6752172112464905,63.97042465209961,0.7921609878540039,1.0110445022583008,64.44891357421875,64.47407531738281,-0.8999999761581421,251.0,5870188.0,RECORD@2020-11-22_12.45.05,671,0.0,car,0.9132506847381592,0.866401195526123,0,-1.013,66.466
13771,1068,510,1155,582,4.678974628448486,46.71104049682617,1.170177936553955,4.863522052764893,47.21106719970703,47.50720977783203,-5.900000095367432,226.0,18488814.0,RECORD@2020-11-22_12.45.05,672,0.0,truck,0.8851571679115295,0.5303913354873657,3,-4.883,49.256
13771,943,521,994,564,0.8139122724533081,63.84305191040039,0.6168621778488159,1.6807913780212402,64.15264129638672,64.17465209960938,-1.5,252.0,16804850.0,RECORD@2020-11-22_12.45.05,672,0.0,car,0.8971266150474548,0.7663856744766235,0,-1.68,66.153
13772,1076,513,1164,586,4.650509834289551,46.14729690551758,0.6765103936195374,4.899712562561035,46.52570343017578,46.80857467651367,-6.099999904632568,227.0,14449184.0,RECORD@2020-11-22_12.45.05,673,0.0,truck,0.93349426984787,0.5914465188980103,3,-4.974,48.544
13772,949,523,1000,568,1.03595769405365,63.76009368896485,0.7908415198326111,1.4002219438552856,64.15328979492188,64.17465209960938,-1.2999999523162842,252.0,9042763.0,RECORD@2020-11-22_12.45.05,673,0.0,car,0.9340075850486756,0.7170742154121399,0,-1.456,66.158
13773,1081,510,1170,584,4.870013236999512,45.48274612426758,1.1477398872375488,4.810657501220703,45.84017181396485,46.10993957519531,-6.0,228.0,18105366.0,RECORD@2020-11-22_12.45.05,674,0.0,truck,0.9128580689430236,0.5602975487709045,3,-4.82,47.857
13773,953,521,1004,563,1.2641936540603638,63.677711486816406,0.6162043809890747,1.89582908153534,64.04320526123047,64.0748519897461,-1.7000000476837158,253.0,13506991.0,RECORD@2020-11-22_12.45.05,674,0.0,car,0.90370512008667,0.6851935386657715,0,-1.901,66.047
13774,1086,514,1176,587,4.91087532043457,44.83746337890625,0.668494701385498,4.478395462036133,45.460243225097656,45.71072006225586,-5.699999809265137,228.0,11337319.0,RECORD@2020-11-22_12.45.05,675,0.0,truck,0.9138299226760864,0.546340823173523,3,-4.54,47.485
13774,956,522,1008,566,1.3542560338974,63.64994812011719,0.789983868598938,1.6781774759292605,64.04984283447266,64.0748519897461,-1.5,254.0,8743028.0,RECORD@2020-11-22_12.45.05,675,0.0,car,0.9118043184280396,0.8423634171485901,0,-1.677,66.053
13775,1090,512,1182,589,4.993846893310547,44.20314407348633,0.5429196357727051,4.945910453796387,44.5596923828125,44.91227722167969,-6.300000190734863,228.0,11746343.0,RECORD@2020-11-22_12.45.05,676,1.0,truck,0.9638943076133728,0.741234302520752,3,-4.928,46.641
13775,960,524,1011,568,1.489789366722107,63.58997344970703,0.6161270141601562,2.176888227462769,63.8245849609375,63.87524032592773,-2.0,252.0,7944442.5,RECORD@2020-11-22_12.45.05,676,1.0,car,0.908101201057434,0.7633854150772095,0,-2.229,65.836
13776,1089,513,1186,592,4.929277420043945,43.62179946899414,0.6605778932571411,4.764149188995361,43.84069061279297,44.11383819580078,-6.199999809265137,229.0,16336002.0,RECORD@2020-11-22_12.45.05,677,0.0,truck,0.912262201309204,0.4795210659503937,3,-4.764,45.856
13776,965,525,1016,568,1.584910273551941,63.55718612670898,0.7895880341529846,2.151789903640747,64.12654113769531,64.17465209960938,-1.899999976158142,128.0,11613635.0,RECORD@2020-11-22_12.45.05,677,0.0,car,0.8965727090835571,0.7473666667938232,0,-2.128,66.139
13777,1092,511,1190,591,5.029252052307129,42.97443389892578,0.5424553155899048,5.253312110900879,43.3958740234375,43.71461868286133,-6.900000095367432,229.0,12591227.0,RECORD@2020-11-22_12.45.05,678,0.0,truck,0.9119939804077148,0.5830007195472717,3,-5.252,45.398
13777,968,522,1018,566,1.765771985054016,63.559818267822266,0.6160109043121338,1.9454460144042969,63.85839080810547,63.87524032592773,-1.7999999523162842,1.0,6352423.5,RECORD@2020-11-22_12.45.05,678,0.0,car,0.9709396362304688,0.7890951633453369,0,-2.006,65.844
13778,1096,510,1197,591,5.07835054397583,41.76796722412109,0.5382764339447021,5.109111785888672,42.06076431274414,42.31734848022461,-7.0,229.0,12262310.0,RECORD@2020-11-22_12.45.05,679,0.0,truck,0.914001166820526,0.6248697638511658,3,-5.157,44.002
13778,971,522,1024,564,1.8556705713272093,63.592323303222656,0.6160496473312378,2.3488333225250244,64.24937438964844,64.27445983886719,-2.0999999046325684,1.0,14713986.0,RECORD@2020-11-22_12.45.05,679,0.0,car,0.8799107670783997,0.8148064613342285,0,-2.355,66.231
13779,1101,510,1203,592,5.05357837677002,41.135833740234375,0.6569163799285889,5.336023330688477,41.44796752929688,41.7185173034668,-7.300000190734863,229.0,10941295.0,RECORD@2020-11-22_12.45.05,680,1.0,truck,0.9380822777748108,0.553239643573761,3,-5.301,43.38
13779,974,521,1026,564,2.056294679641724,63.66412353515625,0.7902147769927979,2.52011775970459,64.22705078125,64.27445983886719,-2.299999952316284,2.0,13913362.0,RECORD@2020-11-22_12.45.05,680,1.0,car,0.90499085187912,0.8429174423217773,0,-2.579,66.223
13780,1101,511,1205,596,5.092564582824707,40.530029296875,0.5302282571792603,5.248143672943115,40.89677429199219,41.319297790527344,-7.199999809265137,228.0,16390373.0,RECORD@2020-11-22_12.45.05,681,0.0,truck,0.915508270263672,0.5501093864440918,3,-5.179,42.993
13780,976,522,1028,566,2.0971567630767822,63.62629699707031,0.6162430644035339,2.620012760162353,63.91371154785156,63.97504425048828,-2.400000095367432,2.0,13668264.0,RECORD@2020-11-22_12.45.05,681,0.0,car,0.9495968222618104,0.8238561749458313,0,-2.679,65.919
13781,1103,514,1209,597,5.007665634155273,39.95331954956055,0.6486697793006897,5.33750057220459,40.44976806640625,40.820274353027344,-7.5,228.0,16764136.0,RECORD@2020-11-22_12.45.05,682,0.0,truck,0.9475700855255128,0.7346701622009277,3,-5.328,42.471
13781,978,522,1031,567,2.161613702774048,63.7137451171875,0.790973424911499,2.6527628898620605,64.40286254882812,64.47407531738281,-2.400000095367432,2.0,12420179.0,RECORD@2020-11-22_12.45.05,682,0.0,car,0.8849369287490845,0.9073578715324402,0,-2.7,66.418
13782,1106,511,1209,596,5.003271102905273,39.27485275268555,0.5237665176391602,5.227686405181885,39.64328384399414,39.92202758789063,-7.599999904632568,228.0,19488016.0,RECORD@2020-11-22_12.45.05,683,1.0,truck,0.914981245994568,0.5761055946350098,3,-5.28,41.571
13782,981,520,1033,566,2.3044705390930176,63.73580932617188,0.6166493892669678,2.184677124023437,64.24937438964844,64.27445983886719,-2.0,2.0,9786890.0,RECORD@2020-11-22_12.45.05,683,1.0,car,0.9074928760528564,0.8524602651596069,0,-2.243,66.235
13783,1106,510,1214,597,5.047083377838135,38.5859375,0.6288449168205261,4.699275970458984,39.0593376159668,39.32319641113281,-6.900000095367432,227.0,15715568.0,RECORD@2020-11-22_12.45.05,684,1.0,truck,0.91669762134552,0.4917891025543213,3,-4.724,41.038
13783,983,520,1035,564,2.395364284515381,63.83173370361328,0.791600227355957,2.540151357650757,64.42863464355469,64.47407531738281,-2.299999952316284,2.0,8775668.0,RECORD@2020-11-22_12.45.05,684,1.0,car,0.8377342224121094,0.8064103722572327,0,-2.587,66.422
13784,1107,511,1218,599,5.023861885070801,37.98888397216797,0.5185816287994385,4.97690486907959,38.2635498046875,38.724365234375,-7.5,227.0,11294988.0,RECORD@2020-11-22_12.45.05,685,1.0,truck,0.9425095319747924,0.4471545219421386,3,-5.055,40.393
13784,985,522,1037,566,2.4657227993011475,63.81902694702149,0.6172491312026978,2.7007923126220703,64.3978500366211,64.47407531738281,-2.400000095367432,2.0,13500666.0,RECORD@2020-11-22_12.45.05,685,1.0,car,0.9090577363967896,0.8765575885772705,0,-2.7,66.418
13785,1112,511,1221,601,4.945593357086182,37.33980941772461,0.6219507455825806,5.250206470489502,37.72612380981445,38.12553405761719,-8.0,226.0,12260145.0,RECORD@2020-11-22_12.45.05,686,0.0,truck,0.9006043672561646,0.5785126090049744,3,-5.306,39.754
13785,987,521,1040,564,2.5841224193573,63.87873458862305,0.7919631004333496,2.869029998779297,64.41267395019531,64.47407531738281,-2.5999999046325684,2.0,17041422.0,RECORD@2020-11-22_12.45.05,686,0.0,car,0.8676854372024536,0.8772737979888916,0,-2.925,66.408
13786,1110,507,1224,597,4.924254417419434,36.69571304321289,0.5147703886032104,5.035456657409668,36.83460235595703,37.12748336791992,-7.800000190734863,225.0,12722722.0,RECORD@2020-11-22_12.45.05,687,0.0,truck,0.9070388674736024,0.6366606950759888,3,-5.039,38.784
13786,991,520,1043,563,2.608218193054199,63.90727996826172,0.617287814617157,2.725461721420288,64.41748046875,64.47407531738281,-2.400000095367432,3.0,13852240.0,RECORD@2020-11-22_12.45.05,687,0.0,car,0.918631911277771,0.8272213935852051,0,-2.7,66.418
13787,1114,508,1228,598,4.938057899475098,35.931724548339844,0.6108013391494751,4.966289520263672,36.33795547485352,36.72826385498047,-7.599999904632568,225.0,11457913.0,RECORD@2020-11-22_12.45.05,688,0.0,truck,0.8981995582580566,0.8186259269714355,3,-4.858,38.406
13787,996,524,1047,566,2.8087358474731445,63.96809387207031,0.7922929525375366,3.168664693832397,64.49259948730469,64.57388305664062,-2.799999952316284,3.0,14461239.0,RECORD@2020-11-22_12.45.05,688,0.0,car,0.9341658353805542,0.7394115924835205,0,-3.154,66.497
13788,1116,505,1235,598,4.8485612869262695,35.30231857299805,0.509024441242218,5.005847454071045,35.57143783569336,36.02962875366211,-8.0,224.0,11393347.0,RECORD@2020-11-22_12.45.05,689,1.0,truck,0.9195520877838136,0.4951728880405426,3,-5.014,37.679
13788,999,521,1051,563,3.070821046829224,64.01228332519531,0.617868185043335,2.8045077323913574,64.21324920654297,64.27445983886719,-2.5,2.0,13790411.0,RECORD@2020-11-22_12.45.05,689,1.0,car,0.8811234831809998,0.8149065971374512,0,-2.804,66.213
13789,1118,508,1237,602,4.8470139503479,34.51957702636719,0.6012682318687439,4.9902849197387695,34.754432678222656,35.13138198852539,-8.0,223.0,12742285.0,RECORD@2020-11-22_12.45.05,690,0.0,truck,0.8927240967750549,0.4457950890064239,3,-4.889,36.789
13789,1004,526,1056,569,3.1098439693450928,64.0658950805664,0.7933815121650696,3.2628302574157715,64.39146423339844,64.47407531738281,-2.900000095367432,2.0,13555774.0,RECORD@2020-11-22_12.45.05,690,0.0,car,0.9597933888435364,0.840452253818512,0,-3.262,66.392
13790,1121,504,1246,600,4.906129837036133,33.857574462890625,0.9518544673919678,4.978664875030518,34.197940826416016,34.73216247558594,-8.100000381469727,224.0,13254422.0,RECORD@2020-11-22_12.45.05,691,1.0,truck,0.8946560025215149,0.6890363097190857,3,-4.894,36.386
13790,1010,520,1061,563,3.264775514602661,64.11988830566406,0.618313193321228,3.3752095699310303,64.38566589355469,64.47407531738281,-3.0,2.0,10713440.0,RECORD@2020-11-22_12.45.05,691,1.0,car,0.9034538269042968,0.7103400826454163,0,-3.374,66.386
13791,1124,504,1251,600,4.894059181213379,33.09220886230469,0.9441474676132202,5.131089687347412,33.44035720825195,33.93372344970703,-8.600000381469727,223.0,13229003.0,RECORD@2020-11-22_12.45.05,692,1.0,truck,0.8884095549583435,0.6280831098556519,3,-5.074,35.552
13791,1014,520,1066,563,3.557032346725464,64.20535278320312,0.7943381071090698,3.236993789672852,64.94581604003906,65.07290649414062,-2.900000095367432,2.0,4927090.5,RECORD@2020-11-22_12.45.05,692,1.0,car,0.9368300437927246,0.7453840374946594,0,-3.292,66.99
13792,1137,502,1266,608,5.0417914390563965,31.486534118652344,0.9187230467796326,4.925714492797852,31.828289031982425,32.137229919433594,-8.899999618530273,222.0,17413664.0,RECORD@2020-11-22_12.45.05,693,1.0,truck,0.9119279384613036,0.8431026935577393,3,-4.972,33.75
13792,1024,520,1076,563,3.887039422988892,64.25965118408203,0.795063853263855,4.326770305633545,64.75223541259766,64.873291015625,-3.799999952316284,2.0,11615212.0,RECORD@2020-11-22_12.45.05,693,1.0,car,0.9067695140838624,0.8019429445266724,0,-4.299,66.731
13793,1148,505,1283,614,5.042304992675781,30.80447196960449,0.9010915756225586,5.091884613037109,31.140872955322266,31.53840065002441,-9.300000190734863,223.0,16497165.0,RECORD@2020-11-22_12.45.05,694,1.0,truck,0.9369077682495116,0.7630717754364014,3,-5.097,33.124
13793,1029,524,1082,566,4.049283027648926,64.2293930053711,0.6188935041427612,4.498379230499268,64.51607513427734,64.6736831665039,-4.0,2.0,16572800.0,RECORD@2020-11-22_12.45.05,694,1.0,car,0.866602897644043,0.6912738680839539,0,-4.511,66.516
13794,1149,509,1291,617,5.17809009552002,29.952272415161133,0.585830569267273,4.766750812530518,30.422197341918945,30.739959716796875,-9.100000381469728,223.0,15793384.0,RECORD@2020-11-22_12.45.05,695,1.0,truck,0.9296934604644777,0.8111498355865479,3,-4.862,32.353
13794,1034,525,1088,568,4.287862777709961,64.27572631835938,0.7951297760009766,4.462791442871094,64.7229995727539,64.873291015625,-4.0,2.0,15969257.0,RECORD@2020-11-22_12.45.05,695,1.0,car,0.8715987205505371,0.8675717115402222,0,-4.525,66.715
13795,1155,500,1299,611,5.264715194702148,29.23509979248047,0.8748995661735535,5.425371170043945,29.60806655883789,30.141128540039062,-10.100000381469728,223.0,19002418.0,RECORD@2020-11-22_12.45.05,696,1.0,truck,0.9370238780975342,0.8866131901741028,3,-5.286,31.674
13795,1038,519,1091,562,4.478708267211914,64.25391387939453,0.6190676689147949,4.913430213928223,64.69900512695312,64.873291015625,-4.400000095367432,2.0,11843588.0,RECORD@2020-11-22_12.45.05,696,1.0,car,0.8659693598747253,0.755279004573822,0,-4.977,66.682
13796,1161,498,1309,609,5.147381782531738,28.44638442993164,0.864021897315979,5.231100559234619,28.87338829040528,29.34268951416016,-10.199999809265137,223.0,14442855.0,RECORD@2020-11-22_12.45.05,697,1.0,truck,0.8924487829208374,0.8709148168563843,3,-5.196,30.879
13796,1044,514,1098,558,4.669060707092285,64.32530212402344,0.7959214448928833,4.865016937255859,64.69061279296875,64.873291015625,-4.300000190734863,1.0,9142592.0,RECORD@2020-11-22_12.45.05,697,1.0,car,0.9429470896720886,0.7872833609580994,0,-4.864,66.691
13797,1166,494,1318,609,5.155069351196289,27.71350860595703,0.8545090556144714,5.03278112411499,28.088058471679688,28.544248580932617,-10.199999809265137,224.0,17107028.0,RECORD@2020-11-22_12.45.05,698,1.0,truck,0.8746156692504883,0.3553005158901214,3,-5.055,30.093
13797,1048,512,1101,556,4.692518711090088,64.32203674316406,0.6194546222686768,4.993232250213623,64.68202209472656,64.873291015625,-4.400000095367432,1.0,11787708.0,RECORD@2020-11-22_12.45.05,698,1.0,car,0.907984733581543,0.6187282204627991,0,-4.977,66.682
13798,1176,498,1333,621,5.233465194702148,26.92943382263184,0.5775509476661682,5.231911659240723,27.26571273803711,27.74580764770508,-10.899999618530272,223.0,19736890.0,RECORD@2020-11-22_12.45.05,699,1.0,truck,0.9225204586982728,0.868844747543335,3,-5.247,29.245
13798,1051,520,1106,566,4.973545551300049,64.36490631103516,0.7959544658660889,5.090798854827881,64.77713012695312,64.97309875488281,-4.5,1.0,10929210.0,RECORD@2020-11-22_12.45.05,699,1.0,car,0.8845203518867493,0.6836455464363098,0,-5.098,66.773
13799,1181,493,1345,614,5.365305423736572,26.2312068939209,0.8324975371360779,5.500795364379883,26.89721298217773,27.346588134765625,-11.699999809265137,224.0,16062509.0,RECORD@2020-11-22_12.45.05,700,1.0,truck,0.9475494027137756,0.8882516026496887,3,-5.546,28.778
13799,1053,514,1106,558,4.96693754196167,64.33712005615234,0.6194159388542175,4.9779157638549805,64.68202209472656,64.873291015625,-4.400000095367432,1.0,8494378.0,RECORD@2020-11-22_12.45.05,700,1.0,car,0.9119844436645508,0.7170358300209045,0,-4.977,66.682
13800,1184,497,1347,622,5.197611331939697,25.55952262878418,0.8141146898269653,5.4009690284729,26.00430679321289,26.647953033447266,-11.399999618530272,225.0,20814602.0,RECORD@2020-11-22_12.45.05,701,1.0,truck,0.9101751446723938,0.8480557799339294,3,-5.267,28.122
13800,1053,518,1105,564,4.973314762115479,64.42008972167969,0.7962512969970703,5.820995807647705,64.58074188232422,64.873291015625,-5.099999904632568,2.0,6473646.0,RECORD@2020-11-22_12.45.05,701,1.0,car,0.926393449306488,0.6627308130264282,0,-5.767,66.616
13801,1187,495,1364,626,5.289178371429443,24.81858253479004,0.6773781776428223,5.330495834350586,25.217329025268555,25.94931602478028,-11.699999809265137,225.0,17845118.0,RECORD@2020-11-22_12.45.05,702,1.0,truck,0.9352710247039796,0.8171090483665466,3,-5.262,27.41
13801,1054,520,1107,566,4.95795202255249,64.41812133789062,0.619918942451477,5.437873840332031,64.73513793945312,64.97309875488281,-4.800000190734863,2.0,8281066.5,RECORD@2020-11-22_12.45.05,702,1.0,car,0.9032275676727296,0.7211064696311951,0,-5.437,66.745
13802,1189,495,1372,626,5.161347389221191,24.150440216064453,0.5633667707443237,4.813774108886719,24.54190444946289,25.150876998901367,-11.300000190734863,224.0,24942722.0,RECORD@2020-11-22_12.45.05,703,1.0,truck,0.8871789574623108,0.9102591872215272,3,-4.928,26.663
13802,1054,520,1107,566,4.983260631561279,64.4903564453125,0.796845018863678,5.316444396972656,64.72314453125,64.97309875488281,-4.699999809265137,2.0,6955105.5,RECORD@2020-11-22_12.45.05,703,1.0,car,0.8964346647262573,0.6310476064682007,0,-5.324,66.755
13803,1196,494,1378,629,5.139199733734131,23.50737953186035,0.7767862677574158,5.013024806976318,23.745285034179688,24.352436065673828,-11.899999618530272,225.0,21776016.0,RECORD@2020-11-22_12.45.05,704,1.0,truck,0.9026594758033752,0.9354857206344604,3,-5.022,25.829
13803,1056,521,1108,565,5.019649028778076,64.4876937866211,0.6204219460487366,5.485591888427734,64.81326293945312,65.0728988647461,-4.900000095367432,2.0,6799184.0,RECORD@2020-11-22_12.45.05,704,1.0,car,0.930627465248108,0.7216968536376953,0,-5.558,66.835
13804,1200,491,1387,630,5.163811206817627,22.69042205810547,0.7648066282272339,5.3764190673828125,23.031370162963867,23.753604888916016,-13.199999809265137,225.0,15020523.0,RECORD@2020-11-22_12.45.05,705,1.0,truck,0.9170657992362976,0.9385283589363098,3,-5.424,25.126
13804,1056,517,1108,561,5.09286642074585,64.58678436279297,0.7976037263870239,5.315752029418945,64.86322021484375,65.0728988647461,-4.699999809265137,2.0,7861522.5,RECORD@2020-11-22_12.45.05,705,1.0,car,0.9451010227203368,0.8714267015457153,0,-5.332,66.854
13805,1207,487,1411,635,5.049887657165527,21.27107810974121,0.7416934967041016,5.175967216491699,21.77894592285156,22.25653076171875,-13.699999809265137,226.0,21562684.0,RECORD@2020-11-22_12.45.05,706,1.0,truck,0.911329984664917,0.9416444897651672,3,-5.271,23.623
13805,1057,516,1108,558,5.006505966186523,64.64208984375,0.7979665994644165,5.36559534072876,65.2327651977539,65.47212219238281,-4.699999809265137,2.0,8621970.0,RECORD@2020-11-22_12.45.05,706,1.0,car,0.8904935717582703,0.7589594721794128,0,-5.365,67.252
13806,1213,490,1425,641,4.984489917755127,20.6625919342041,0.7281562089920044,4.59584379196167,21.04521369934082,21.757503509521484,-12.5,226.0,20106382.0,RECORD@2020-11-22_12.45.05,707,1.0,truck,0.9335243105888368,0.8690805435180664,3,-4.709,23.242
13806,1056,516,1107,559,4.942147731781006,64.6257553100586,0.6205379962921143,5.3328776359558105,65.06208801269531,65.27251434326172,-4.699999809265137,2.0,10299453.0,RECORD@2020-11-22_12.45.05,707,1.0,car,0.9658967852592468,0.6672406196594238,0,-5.348,67.053
13807,1217,488,1434,645,4.913130760192871,20.02231407165528,0.7215765118598938,4.945103645324707,20.310359954833984,20.95906448364257,-13.399999618530272,227.0,18171822.0,RECORD@2020-11-22_12.45.05,708,1.0,truck,0.9333322644233704,0.9304080009460448,3,-4.857,22.388
13807,1055,512,1107,556,5.069464683532715,64.68921661376953,1.139917492866516,5.381953239440918,65.24242401123047,65.47212219238281,-4.699999809265137,1.0,9409479.0,RECORD@2020-11-22_12.45.05,708,1.0,car,0.9500375986099244,0.7963960766792297,0,-5.365,67.252
13808,1224,493,1450,653,4.990269184112549,19.303390502929688,0.7072538137435913,4.985528945922852,19.83031272888184,20.55984306335449,-13.699999809265137,227.0,24636044.0,RECORD@2020-11-22_12.45.05,709,1.0,truck,0.9314388036727904,0.9354951977729796,3,-4.869,21.975
13808,1056,514,1107,559,4.994676113128662,64.69770050048828,0.6207895278930664,5.122127056121826,65.07122802734375,65.27251434326172,-4.5,1.0,8260432.5,RECORD@2020-11-22_12.45.05,709,1.0,car,0.9486833810806274,0.794687032699585,0,-5.121,67.071
13809,1238,492,1458,660,4.999810695648193,18.63445472717285,0.703514039516449,5.510981559753418,19.025115966796875,19.76140213012696,-16.200000762939453,228.0,27922292.0,RECORD@2020-11-22_12.45.05,710,1.0,truck,0.910963773727417,0.9561445713043212,3,-5.513,20.977
13809,1057,515,1108,559,5.076607704162598,64.77635955810547,0.7994179725646973,5.671513557434082,65.32044219970703,65.47212219238281,-5.0,2.0,6812595.5,RECORD@2020-11-22_12.45.05,710,1.0,car,0.9261438250541688,0.7478163242340088,0,-5.706,67.223
13810,1254,476,1503,650,5.114691257476807,17.306310653686523,0.6807432770729065,5.303701400756836,17.562795639038086,18.364131927490234,-16.100000381469727,228.0,27385948.0,RECORD@2020-11-22_12.45.05,711,1.0,truck,0.8823152184486389,0.9352824091911316,3,-5.093,19.644
13810,1061,514,1112,558,5.182987689971924,64.87012481689453,0.799879789352417,5.689778327941895,65.02405548095703,65.27251434326172,-5.0,2.0,8114803.5,RECORD@2020-11-22_12.45.05,711,1.0,car,0.9509914517402648,0.7992314100265503,0,-5.689,67.024
13811,1261,475,1523,652,5.145026683807373,16.61240005493164,0.7377115488052368,5.310770511627197,16.975000381469727,17.96491241455078,-17.399999618530273,228.0,31258874.0,RECORD@2020-11-22_12.45.05,712,1.0,truck,0.8940864205360413,0.9079822301864624,3,-5.372,19.143
13811,1061,517,1112,562,5.186549663543701,64.81078338623047,0.6214279532432556,5.803257942199707,65.02405548095703,65.27251434326172,-5.099999904632568,2.0,7534802.5,RECORD@2020-11-22_12.45.05,712,1.0,car,0.9346516132354736,0.7907222509384155,0,-5.802,67.014
13812,1271,484,1535,667,5.028090000152588,16.05106544494629,0.6583150029182434,5.2678542137146,16.483640670776367,17.36608123779297,-17.5,228.0,28260352.0,RECORD@2020-11-22_12.45.05,713,1.0,truck,0.9207913875579834,0.9222915768623352,3,-5.222,18.562
13812,1060,526,1111,570,5.104523658752441,64.90068817138672,0.7995169758796692,5.3328776359558105,65.15705871582031,65.372314453125,-4.699999809265137,2.0,10716514.0,RECORD@2020-11-22_12.45.05,713,1.0,car,0.8355692028999329,0.6488295197486877,0,-5.357,67.152
13813,1272,481,1549,672,5.063985824584961,15.314190864562988,0.671506404876709,4.978409767150879,15.74354648590088,16.56764030456543,-17.600000381469727,229.0,25512002.0,RECORD@2020-11-22_12.45.05,714,1.0,truck,0.8950928449630737,0.9495061635971068,3,-5.01,17.792
13813,1057,525,1109,569,5.013735771179199,64.9571533203125,0.6218149065971375,5.292463779449463,65.46748352050781,65.6717300415039,-4.699999809265137,3.0,9150387.0,RECORD@2020-11-22_12.45.05,714,1.0,car,0.9326959252357484,0.8057213425636292,0,-5.381,67.451
13814,1280,480,1568,673,4.805976867675781,14.802290916442873,0.6961520910263062,5.099047660827637,15.035173416137695,15.968810081481934,-18.5,229.0,35798160.0,RECORD@2020-11-22_12.45.05,715,1.0,truck,0.9160503149032592,0.9277470111846924,3,-5.067,17.144
13814,1053,519,1104,564,5.060513019561768,65.06111145019531,0.8006714582443237,5.020805835723877,65.23932647705078,65.47212219238281,-4.400000095367432,3.0,10115187.0,RECORD@2020-11-22_12.45.05,715,1.0,car,0.9399386644363404,0.7693251967430115,0,-5.023,67.279
13815,1284,498,1594,703,4.965376377105713,14.091261863708496,0.4465737044811249,5.39973783493042,14.352516174316406,15.369979858398438,-20.89999961853028,229.0,27844672.0,RECORD@2020-11-22_12.45.05,716,1.0,truck,0.9500954747200012,0.9723753333091736,3,-5.483,16.359
13815,1052,535,1105,578,4.888931274414063,65.114501953125,0.6223952770233154,5.152669906616211,65.30449676513672,65.47212219238281,-4.5,3.0,8123625.5,RECORD@2020-11-22_12.45.05,716,1.0,car,0.948140263557434,0.7895177006721497,0,-5.137,67.27
1627,238,570,482,706,-5.789939403533936,16.658248901367188,0.0265158712863922,-5.952292919158936,17.383136749267578,18.364131927490234,19.600000381469727,52.0,29642776.0,RECORD@2020-11-22_12.54.38,0,1.0,car,0.9459266066551208,0.9654775857925416,0,6.16,19.3
1628,180,583,416,711,-6.766928195953369,17.47842025756836,-0.1576951742172241,-6.878647804260254,18.27134895324707,19.561792373657227,21.200000762939453,50.0,25470054.0,RECORD@2020-11-22_12.54.38,1,1.0,car,0.9094569683074952,0.9524975419044496,0,7.074,20.238
1629,702,532,793,599,-4.078104019165039,35.86607360839844,0.3201740384101867,-3.76970648765564,36.48369216918945,36.72826385498047,5.900000095367432,25.0,48633800.0,RECORD@2020-11-22_12.54.38,22,0.0,car,0.9465488195419312,0.90691477060318,0,3.775,38.534
1630,751,528,843,594,-3.1307668685913086,36.57231521606445,0.6117579340934753,-2.8325562477111816,36.8190803527832,36.92787551879883,4.400000095367432,24.0,39373596.0,RECORD@2020-11-22_12.54.38,23,0.0,car,0.9033262729644777,0.9216439723968506,0,2.833,38.819
1631,788,508,879,576,-2.3948123455047607,37.0826301574707,1.0040678977966309,-2.260211706161499,37.62980270385742,37.72631454467773,3.400000095367432,22.0,43816304.0,RECORD@2020-11-22_12.54.38,24,0.0,car,0.9208741188049316,0.9252481460571288,0,2.237,39.66
1632,811,500,902,564,-1.8291113376617432,37.6173210144043,1.014086127281189,-1.719643235206604,38.08903884887695,38.12553405761719,2.5999999046325684,20.0,34985540.0,RECORD@2020-11-22_12.54.38,25,0.0,car,0.8887839317321777,0.9260531663894652,0,1.729,40.086
1633,836,507,926,570,-1.3003053665161133,38.077091217041016,1.019765853881836,-1.0638341903686523,38.52182769775391,38.52475357055664,1.600000023841858,18.0,16120192.0,RECORD@2020-11-22_12.54.38,26,0.0,car,0.8930007219314575,0.9099220037460328,0,1.076,40.51
1634,861,507,947,576,-0.8727790117263794,38.466915130615234,1.0286388397216797,-0.4822256565093994,38.891746520996094,38.92397689819336,0.699999988079071,16.0,25011728.0,RECORD@2020-11-22_12.54.38,27,1.0,car,0.928671658039093,0.9322087168693542,0,0.476,40.921
1635,874,497,962,564,-0.483393132686615,38.82160568237305,1.033416509628296,-0.3408159613609314,39.31721878051758,39.32319641113281,0.5,14.0,31804442.0,RECORD@2020-11-22_12.54.38,28,0.0,car,0.9091252088546752,0.9201936721801758,0,0.343,41.322
1636,896,505,978,563,-0.2104704827070236,39.11130905151367,1.0390825271606443,0.1034987717866897,39.51494598388672,39.52280426025391,-0.2000000029802322,12.0,25850344.0,RECORD@2020-11-22_12.54.38,29,0.0,car,0.8709064722061157,0.9111694693565368,0,-0.138,41.523
1637,904,505,988,574,0.0884069055318832,39.41472625732422,1.041692137718201,0.2750737071037292,39.917110443115234,39.92202758789063,-0.4000000059604645,10.0,29905972.0,RECORD@2020-11-22_12.54.38,30,0.0,car,0.927187204360962,0.9081220030784608,0,-0.279,41.921
1638,911,521,994,583,0.2449342608451843,39.63611602783203,0.6313189268112183,0.6400794982910156,39.88894271850586,39.92202758789063,-0.8999999761581421,8.0,25667652.0,RECORD@2020-11-22_12.54.38,31,0.0,car,0.9072469472885132,0.921995997428894,0,-0.627,41.917
1639,920,512,1001,572,0.4127393066883087,39.786224365234375,1.0484321117401123,1.0663429498672483,40.19599533081055,40.32124710083008,-1.5,7.0,26472996.0,RECORD@2020-11-22_12.54.38,32,0.0,car,0.8790473341941833,0.9158777594566344,0,-1.055,42.307
1640,919,528,1003,583,0.3985861837863922,39.958282470703125,0.6334300637245178,0.6284587383270264,40.31776809692383,40.32124710083008,-0.8999999761581421,6.0,35614120.0,RECORD@2020-11-22_12.54.38,33,0.0,car,0.837144136428833,0.871441125869751,0,-0.633,42.316
1641,919,532,1001,591,0.3491105139255523,40.07028198242188,0.3146476149559021,0.7041577100753784,40.517822265625,40.52085494995117,-1.0,7.0,32386596.0,RECORD@2020-11-22_12.54.38,34,0.0,car,0.925632119178772,0.9151602983474731,0,-0.707,42.515
1650,907,531,988,580,0.1037806048989296,41.03673553466797,0.6406210660934448,0.3952275514602661,41.37788772583008,41.41910171508789,-0.6000000238418579,4.0,21224638.0,RECORD@2020-11-22_12.54.38,43,0.0,car,0.7737334966659546,0.802753746509552,0,-0.434,43.417
1650,848,518,900,560,-3.1478779315948486,75.54261779785156,-0.1288215517997741,-2.219588279724121,75.02040100097656,75.05340576171875,1.7000000476837158,250.0,10830518.0,RECORD@2020-11-22_12.54.38,43,0.0,car,0.877486526966095,0.8802395462989807,1,2.227,77.02
1651,914,524,992,574,0.1492147594690323,41.09479141235352,0.5292222499847412,0.2902562320232391,41.49259948730469,41.51890563964844,-0.4000000059604645,5.0,19491718.0,RECORD@2020-11-22_12.54.38,44,0.0,car,0.7033905982971191,0.7689499258995056,0,-0.29,43.518
1651,843,515,895,557,-2.988124370574951,69.88025665283203,0.6404262781143188,-2.402411937713623,69.2225570678711,69.26471710205078,2.0,250.0,7604179.5,RECORD@2020-11-22_12.54.38,44,0.0,car,0.9287816286087036,0.9048225283622742,1,2.417,71.223
1652,835,518,893,567,-2.9820613861083984,64.048095703125,-0.0529526770114898,-2.0385613441467285,63.23591613769531,63.27640914916992,1.7999999523162842,250.0,8309310.5,RECORD@2020-11-22_12.54.38,45,0.0,car,0.8884387016296387,0.8791626691818237,1,1.988,65.245
1652,912,533,992,582,0.1910448968410492,41.2401123046875,0.642006516456604,0.4352895617485046,41.71845245361328,41.7185173034668,-0.6000000238418579,5.0,18370778.0,RECORD@2020-11-22_12.54.38,45,0.0,car,0.7928436398506165,0.7122124433517456,0,-0.437,43.716
1653,824,515,890,574,-2.9997148513793945,58.28955459594727,0.5953294038772583,-2.019418716430664,57.6434326171875,57.68732833862305,2.0,249.0,8533875.0,RECORD@2020-11-22_12.54.38,46,0.0,car,0.8653263449668884,0.8953015804290771,1,2.013,59.652
1653,912,531,992,583,0.1618777811527252,41.40061950683594,0.3127510249614715,0.5077380537986755,41.892574310302734,41.91812896728516,-0.699999988079071,5.0,22536888.0,RECORD@2020-11-22_12.54.38,46,0.0,car,0.8467854857444763,0.8187151551246643,0,-0.512,43.915
1654,812,519,882,576,-2.9827587604522705,52.50700759887695,0.0235759913921356,-2.6245813369750977,51.824310302734375,51.89863204956055,2.900000095367432,249.0,13530950.0,RECORD@2020-11-22_12.54.38,47,0.0,car,0.9174461960792542,0.9276018738746644,1,2.626,53.832
1654,916,531,992,582,0.2807229161262512,41.46210479736328,0.6433589458465576,0.7268951535224915,41.61054611206055,41.7185173034668,-1.0,4.0,15500399.0,RECORD@2020-11-22_12.54.38,47,0.0,car,0.7542575597763062,0.6736320853233337,0,-0.728,43.712
1655,796,527,874,591,-2.97611403465271,45.36349105834961,0.0702848434448242,-2.6060924530029297,45.64115905761719,45.71072006225586,3.299999952316284,248.0,10837556.0,RECORD@2020-11-22_12.54.38,48,0.0,car,0.9313370585441588,0.9253587126731871,1,2.631,47.635
1655,916,542,996,593,0.2858977317810058,41.54314041137695,0.6437878012657166,0.4772220253944397,41.88620376586914,41.91812896728516,-0.699999988079071,4.0,18153314.0,RECORD@2020-11-22_12.54.38,48,0.0,car,0.7590048909187317,0.8637735247612,0,-0.512,43.915
1656,772,520,860,599,-3.067589282989502,39.433013916015625,0.1071289181709289,-2.644829273223877,39.841529846191406,39.92202758789063,3.799999952316284,248.0,7369798.0,RECORD@2020-11-22_12.54.38,49,1.0,car,0.8668434023857117,0.8888981342315674,1,2.646,41.834
1656,914,538,995,589,0.208209604024887,41.66121292114258,0.4850926995277405,0.671455979347229,42.10996627807617,42.11773681640625,-0.8999999761581421,4.0,18321380.0,RECORD@2020-11-22_12.54.38,49,1.0,car,0.7947872877120972,0.8563269376754761,0,-0.662,44.113
1658,695,524,824,623,-3.0965113639831543,27.76138687133789,0.3313932120800018,-2.64916467666626,27.9913330078125,28.145029067993164,5.5,248.0,11855812.0,RECORD@2020-11-22_12.54.38,51,0.0,car,0.9268215298652648,0.8992155194282532,1,2.698,30.015
1658,910,534,995,587,0.2009548991918563,41.81346130371094,0.3120909631252289,0.6581025719642639,42.3141975402832,42.31734848022461,-0.8999999761581421,3.0,19766060.0,RECORD@2020-11-22_12.54.38,51,0.0,car,0.7829999923706055,0.9400519132614136,0,-0.665,44.312
1660,535,523,751,688,-3.0543735027313232,15.966896057128906,0.4327989518642425,-3.301629066467285,16.177268981933594,16.56764030456543,11.5,252.0,15685884.0,RECORD@2020-11-22_12.54.38,53,1.0,car,0.956179976463318,0.949495017528534,1,3.303,18.235
1660,912,538,993,587,0.2095984816551208,41.94285583496094,0.3120677471160888,0.7477318048477173,42.6083984375,42.61676025390625,-1.0,2.0,20265170.0,RECORD@2020-11-22_12.54.38,53,1.0,car,0.7978713512420654,0.9025154113769532,0,-0.744,44.61
1667,841,508,903,562,-2.725775957107544,65.42208862304688,0.6230337619781494,-2.0869526863098145,65.76868438720703,65.87134552001953,1.7999999523162842,232.0,6366141.0,RECORD@2020-11-22_12.54.38,61,1.0,truck,0.9244191646575928,0.8474565744400024,2,2.069,67.839
1667,915,530,992,578,0.2304584383964538,42.35443115234375,0.5333817005157471,0.517581045627594,42.514198303222656,42.5169563293457,-0.699999988079071,2.0,23272622.0,RECORD@2020-11-22_12.54.38,61,1.0,car,0.7417697310447693,0.4130565226078033,0,-0.519,44.514
1668,830,511,898,568,-2.1273696422576904,59.540672302246094,0.7630668878555298,-1.8062163591384888,59.65522766113281,59.68342971801758,1.7000000476837158,230.0,6272198.0,RECORD@2020-11-22_12.54.38,62,0.0,truck,0.9435256719589232,0.7871919870376587,2,1.771,61.657
1668,915,528,990,579,0.2310132384300232,42.36922073364258,0.6493954658508301,0.5175352692604065,42.751914978027344,42.81637191772461,-0.699999988079071,2.0,14231034.0,RECORD@2020-11-22_12.54.38,62,0.0,car,0.8271481394767761,0.8952652812004089,0,-0.523,44.813
1669,814,511,889,578,-2.953387498855591,52.908538818359375,0.5749574899673462,-2.7267837524414062,53.22760772705078,53.29590606689453,2.900000095367432,231.0,10540261.0,RECORD@2020-11-22_12.54.38,63,0.0,truck,0.9448071122169496,0.8786929249763489,2,2.696,55.228
1669,915,533,991,583,0.2612724006175995,42.42499542236328,0.5338073968887329,0.4478460252285003,42.70901870727539,42.71656799316406,-0.6000000238418579,3.0,24148086.0,RECORD@2020-11-22_12.54.38,63,0.0,car,0.8112426996231079,0.9045648574829102,0,-0.447,44.714
1677,816,522,884,575,-2.6602346897125244,50.64350891113281,0.5662128925323486,-2.917845726013184,50.52285003662109,50.70097351074219,3.299999952316284,208.0,10461020.0,RECORD@2020-11-22_12.54.38,73,1.0,car,0.906325340270996,0.9241146445274352,3,2.919,52.617
1677,931,525,1003,578,0.6010080575942993,43.044921875,0.5361483097076416,0.8278093934059143,43.49716567993164,43.51500701904297,-1.100000023841858,2.0,25427328.0,RECORD@2020-11-22_12.54.38,73,1.0,car,0.8188509941101074,0.9106751084327698,0,-0.835,45.507
1678,792,519,870,583,-2.6353797912597656,43.92311096191406,0.6606768369674683,-2.4227194786071777,43.60871887207031,43.71461868286133,3.200000047683716,208.0,11009751.0,RECORD@2020-11-22_12.54.38,74,1.0,car,0.9232684373855592,0.9334900975227356,3,2.44,45.646
1678,931,525,1004,577,0.6605746746063232,43.132957458496094,0.654607355594635,0.767021119594574,43.49882125854492,43.51500701904297,-1.0,2.0,35630808.0,RECORD@2020-11-22_12.54.38,74,1.0,car,0.834650456905365,0.932290256023407,0,-0.759,45.508
1679,766,528,857,601,-2.8645663261413574,37.02794647216797,0.3194845914840698,-2.639734268188477,36.833404541015625,36.92787551879883,4.099999904632568,208.0,14576530.0,RECORD@2020-11-22_12.54.38,75,1.0,car,0.922164261341095,0.9124395847320556,3,2.64,38.833
1679,929,531,1005,582,0.5675681829452515,43.19503021240234,0.3102021217346191,0.828313946723938,43.47357940673828,43.51500701904297,-1.100000023841858,2.0,19925964.0,RECORD@2020-11-22_12.54.38,75,1.0,car,0.8413292765617371,0.9121946096420288,0,-0.835,45.507
1680,719,529,838,614,-2.901360988616944,30.163726806640625,0.1706297099590301,-2.485273838043213,30.03523635864257,30.141128540039062,4.699999809265137,209.0,12909885.0,RECORD@2020-11-22_12.54.38,76,1.0,car,0.9337788224220276,0.9441134929656982,3,2.47,32.04
1680,929,526,1003,581,0.5829007029533386,43.24803924560547,0.6550031900405884,0.9117773175239564,43.66633224487305,43.71461868286133,-1.2000000476837158,2.0,36804088.0,RECORD@2020-11-22_12.54.38,76,1.0,car,0.9135481119155884,0.9220394492149352,0,-0.915,45.705
1681,650,527,798,638,-3.1867151260375977,23.34398651123047,0.2134087085723877,-2.988450527191162,23.31138229370117,23.55399513244629,7.300000190734863,210.0,13890820.0,RECORD@2020-11-22_12.54.38,77,1.0,car,0.9585525989532472,0.4147805571556091,3,2.993,25.363
1681,926,510,1001,576,0.4924537539482116,43.24317932128906,0.537038266658783,0.7687643766403198,43.801212310791016,43.81442260742188,-1.0,2.0,32107968.0,RECORD@2020-11-22_12.54.38,77,1.0,car,0.8299406170845032,0.9359670281410216,0,-0.765,45.808
1682,528,530,751,683,-3.245471954345703,16.53228187561035,0.2585716843605041,-2.925971269607544,16.348134994506836,16.767250061035156,10.199999809265137,211.0,27007108.0,RECORD@2020-11-22_12.54.38,78,1.0,car,0.9276175498962402,0.9611303210258484,3,2.969,18.502
1682,924,502,1001,575,0.4975530207157135,43.30875778198242,1.1104764938354492,0.8802646398544312,43.6839485168457,43.71461868286133,-1.2000000476837158,2.0,22362554.0,RECORD@2020-11-22_12.54.38,78,1.0,car,0.7412235140800476,0.9367924332618712,0,-0.915,45.705
1683,286,545,648,776,-3.134428739547729,9.804503440856934,0.4093896150588989,-3.066980600357056,9.603657722473145,10.180116653442385,18.0,222.0,16046235.0,RECORD@2020-11-22_12.54.38,79,1.0,car,0.8956597447395325,0.9527207612991332,3,3.146,11.682
1683,919,513,1001,581,0.4448096752166748,43.36883163452149,0.5372897386550903,0.756561815738678,43.70655059814453,43.71461868286133,-1.0,2.0,26491608.0,RECORD@2020-11-22_12.54.38,79,1.0,car,0.7913443446159363,0.8951829075813293,0,-0.763,45.708
1685,920,519,997,581,0.3125878870487213,43.372859954833984,0.5376960039138794,0.6934194564819336,44.10039138793945,44.11383819580078,-0.8999999761581421,1.0,18115888.0,RECORD@2020-11-22_12.54.38,81,1.0,car,0.9142608046531676,0.9199702739715576,0,-0.693,46.108
1686,917,523,998,583,0.2514622211456299,43.450531005859375,0.0819731652736663,0.6123093962669373,43.94175720214844,44.01403045654297,-0.800000011920929,1.0,21153978.0,RECORD@2020-11-22_12.54.38,82,0.0,car,0.8704770803451538,0.9396076798439026,0,-0.615,46.01
1687,920,524,996,577,0.3121923506259918,43.46475982666016,0.5377928018569946,0.6080784201622009,43.90512466430664,43.91422653198242,-0.800000011920929,1.0,28726674.0,RECORD@2020-11-22_12.54.38,83,1.0,car,0.8597867488861084,0.9390318393707277,0,-0.613,45.91
1688,922,521,997,579,0.3432896733283996,43.47214889526367,0.6568504571914673,0.6164464950561523,43.90693283081055,43.91422653198242,-0.800000011920929,1.0,19282532.0,RECORD@2020-11-22_12.54.38,84,1.0,car,0.8225679397583008,0.8046058416366577,0,-0.613,45.91
1689,920,519,996,580,0.2609339952468872,43.47500228881836,0.5377734303474426,0.8398182988166809,43.9014778137207,43.91422653198242,-1.100000023841858,1.0,15053459.0,RECORD@2020-11-22_12.54.38,85,0.0,car,0.901581883430481,0.58613121509552,0,-0.843,45.906
1690,918,520,997,580,0.3143020868301391,43.47031784057617,0.6568504571914673,0.6165403723716736,43.90211486816406,43.91422653198242,-0.800000011920929,1.0,34394436.0,RECORD@2020-11-22_12.54.38,86,0.0,car,0.8414518237113953,0.9339338541030884,0,-0.613,45.91
1691,914,512,994,582,0.2809503674507141,43.49153518676758,0.3097734749317169,0.605289101600647,43.88663864135742,43.91422653198242,-0.800000011920929,1.0,19897810.0,RECORD@2020-11-22_12.54.38,87,1.0,car,0.7904082536697388,0.8579842448234558,0,-0.613,45.91
1692,914,506,993,577,0.3039923310279846,43.50654220581055,0.6568834185600281,0.5297074913978577,43.91182708740234,43.91422653198242,-0.699999988079071,1.0,15499828.0,RECORD@2020-11-22_12.54.38,88,0.0,car,0.77654629945755,0.7782502770423889,0,-0.537,45.911
1693,913,501,992,571,0.2024817615747451,43.45816802978516,0.539243757724762,0.5444366931915283,43.88506317138672,43.91422653198242,-0.699999988079071,1.0,17504432.0,RECORD@2020-11-22_12.54.38,89,0.0,car,0.7391642332077026,0.8960021734237671,0,-0.537,45.911
1694,911,495,992,577,0.1798930466175079,43.49182891845703,0.6570484042167664,0.6081710457801819,43.88744354248047,43.91422653198242,-0.800000011920929,1.0,15729338.0,RECORD@2020-11-22_12.54.38,90,1.0,car,0.7234672904014587,0.7903435826301575,0,-0.613,45.91
1695,910,497,991,579,0.1712620556354522,43.52226257324219,0.5377734303474426,0.684110701084137,43.877838134765625,43.91422653198242,-0.8999999761581421,1.0,14295966.0,RECORD@2020-11-22_12.54.38,91,0.0,car,0.6419947743415833,0.8754172325134277,0,-0.69,45.909
1696,908,503,988,582,0.0769799798727035,43.48192596435547,0.6565865278244019,0.6081710457801819,43.91181182861328,43.91422653198242,-0.800000011920929,254.0,19113206.0,RECORD@2020-11-22_12.54.38,92,1.0,car,0.6771105527877808,0.8727202415466309,0,-0.613,45.91
1697,907,504,989,578,0.0755226388573646,43.41947555541992,0.5376186370849609,0.4581003189086914,43.85298156738281,43.91422653198242,-0.6000000238418579,254.0,17280028.0,RECORD@2020-11-22_12.54.38,93,0.0,car,0.6951239705085754,0.8674611449241638,0,-0.46,45.912
1698,905,518,981,578,0.0281988643109798,43.41261672973633,0.6563886404037476,0.4256412982940674,43.91217803955078,43.91422653198242,-0.6000000238418579,254.0,19212276.0,RECORD@2020-11-22_12.54.38,94,0.0,car,0.948963463306427,0.8723403215408325,0,-0.46,45.912
1699,905,523,978,579,0.0405502505600452,43.41068649291992,0.5375025868415833,0.389006108045578,44.110538482666016,44.11383819580078,-0.5,254.0,22871470.0,RECORD@2020-11-22_12.54.38,95,0.0,car,0.8999828696250916,0.8820323944091797,0,-0.385,46.112
1700,904,529,975,580,-0.0537060126662254,43.3432846069336,0.6557948589324951,0.2326414436101913,43.91315460205078,43.91422653198242,-0.3000000119209289,254.0,28585412.0,RECORD@2020-11-22_12.54.38,96,0.0,car,0.7940930724143982,0.9025635719299316,0,-0.23,45.914
1701,905,530,976,582,-0.0976662784814834,43.31355667114258,0.0830046683549881,0.4625158309936523,43.71401596069336,43.71461868286133,-0.6000000238418579,254.0,17019442.0,RECORD@2020-11-22_12.54.38,97,0.0,car,0.8385745286941528,0.8778690695762634,0,-0.458,45.712
1702,903,523,977,580,-0.1031006872653961,43.2635498046875,0.6553000807762146,0.1542513072490692,43.71418380737305,43.71461868286133,-0.2000000029802322,254.0,21198344.0,RECORD@2020-11-22_12.54.38,98,0.0,car,0.9232344031333924,0.8526211380958557,0,-0.153,45.714
1703,901,514,977,581,-0.1574177742004394,43.204551696777344,0.5368061065673828,-0.0746387094259262,43.914161682128906,43.91422653198242,0.1000000014901161,254.0,19609420.0,RECORD@2020-11-22_12.54.38,99,0.0,car,0.8438072204589844,0.8298790454864502,0,0.077,45.914
1704,902,531,974,585,-0.1797003746032714,43.172462463378906,0.6546403169631958,0.0382278747856617,43.61062240600586,43.61481475830078,-0.1000000014901161,253.0,21124420.0,RECORD@2020-11-22_12.54.38,100,0.0,car,0.8807199597358704,0.7100778818130493,0,-0.076,45.615
1705,900,530,973,583,-0.1999515891075134,43.136226654052734,0.3102748692035675,0.3029999732971191,43.31480407714844,43.31539916992188,-0.4000000059604645,253.0,21162626.0,RECORD@2020-11-22_12.54.38,101,0.0,car,0.8543909192085266,0.8981699347496033,0,-0.302,45.314
1706,900,525,972,581,-0.1753038167953491,43.02018356323242,0.6538486480712891,0.1885372251272201,43.5083122253418,43.51500701904297,-0.3000000119209289,253.0,20588168.0,RECORD@2020-11-22_12.54.38,102,1.0,car,0.8952364921569824,0.878282904624939,0,-0.228,45.514
1707,901,520,974,580,-0.1555886417627334,42.97780227661133,0.5358000993728638,0.1516881436109542,43.50687789916992,43.51500701904297,-0.2000000029802322,253.0,17532028.0,RECORD@2020-11-22_12.54.38,103,1.0,car,0.9186266660690308,0.8876119256019592,0,-0.152,45.515
1708,902,522,976,582,-0.1308695077896118,42.90133285522461,0.6527931094169617,0.0005983512382954,43.30873489379883,43.31539916992188,-0.0,253.0,20642672.0,RECORD@2020-11-22_12.54.38,104,0.0,car,0.9573768973350524,0.8748063445091248,0,0.0,45.315
1710,904,530,978,583,-0.0572664476931095,42.74208450317383,0.6518365144729614,0.4133956432342529,43.1147346496582,43.11578750610352,-0.6000000238418579,253.0,22644596.0,RECORD@2020-11-22_12.54.38,106,0.0,car,0.8443150520324707,0.8785273432731628,0,-0.451,45.113
1711,908,524,982,582,0.0450188778340816,42.61101531982422,0.6508468985557556,0.2231760323047638,43.11520004272461,43.11578750610352,-0.3000000119209289,253.0,20650308.0,RECORD@2020-11-22_12.54.38,107,0.0,car,0.9267767071723938,0.9013354182243348,0,-0.226,45.115
1712,911,522,987,583,0.1128289029002189,42.37966537475586,0.6494615077972412,0.3022789359092712,42.951637268066406,43.01598358154297,-0.4000000059604645,253.0,24773406.0,RECORD@2020-11-22_12.54.38,108,0.0,car,0.9599519371986388,0.9022390246391296,0,-0.3,45.015
1713,911,522,989,582,0.1544069945812225,42.31371688842773,0.6489336490631104,0.4109987020492553,42.802711486816406,42.81637191772461,-0.6000000238418579,253.0,17826176.0,RECORD@2020-11-22_12.54.38,109,0.0,car,0.9100364446640016,0.9163237810134888,0,-0.448,44.814
1714,911,520,989,583,0.1523172110319137,42.24334335327149,0.6485378742218018,0.4521003663539886,42.71598052978516,42.71656799316406,-0.6000000238418579,253.0,28501796.0,RECORD@2020-11-22_12.54.38,110,0.0,car,0.9434601068496704,0.9103572368621826,0,-0.447,44.714
1715,910,522,989,585,0.1161990016698837,42.21010971069336,0.6480430364608765,0.816685140132904,42.58653259277344,42.71656799316406,-1.100000023841858,253.0,19309132.0,RECORD@2020-11-22_12.54.38,111,0.0,car,0.8758094906806946,0.9165633916854858,0,-0.82,44.709
1716,910,519,988,583,0.0883669182658195,42.1275520324707,0.6476142406463623,0.3009054660797119,42.5098991394043,42.5169563293457,-0.4000000059604645,252.0,19743320.0,RECORD@2020-11-22_12.54.38,112,0.0,car,0.909812867641449,0.9219777584075928,0,-0.297,44.516
1717,908,519,987,580,0.124619610607624,42.06637573242188,0.6473503112792969,0.3663286566734314,42.90021514892578,42.91617584228516,-0.5,252.0,17462198.0,RECORD@2020-11-22_12.54.38,113,1.0,car,0.9366820454597472,0.925736963748932,0,-0.375,44.915
1718,907,523,984,579,0.1116563603281974,42.0528450012207,0.6470204591751099,0.0740965008735656,42.31734848022461,42.31734848022461,-0.1000000014901161,252.0,17589830.0,RECORD@2020-11-22_12.54.38,114,0.0,car,0.875783383846283,0.8935080170631409,0,-0.074,44.317
1719,907,521,983,577,0.0918190330266952,41.87244415283203,0.5322402715682983,0.2242579609155655,42.25909805297852,42.31734848022461,-0.3000000119209289,252.0,17174884.0,RECORD@2020-11-22_12.54.38,115,0.0,car,0.8887580037117004,0.9353315234184264,0,-0.222,44.317
1720,904,520,983,581,0.0175137836486101,41.856143951416016,0.6458989381790161,0.2557748258113861,42.41631317138672,42.41715240478516,-0.4000000059604645,253.0,19636094.0,RECORD@2020-11-22_12.54.38,116,0.0,car,0.9761591553688048,0.9123866558074952,0,-0.296,44.416
1721,903,522,980,580,-0.0612927228212356,41.74999237060547,0.5311182141304016,0.1465451121330261,42.21403503417969,42.21754455566406,-0.2000000029802322,253.0,26106864.0,RECORD@2020-11-22_12.54.38,117,0.0,car,0.9368153214454652,0.9229360222816468,0,-0.147,44.217
1722,900,526,976,580,-0.0755377039313316,41.690223693847656,0.6449753046035767,-0.1460841447114944,42.21702575683594,42.21754455566406,0.2000000029802322,252.0,16160501.0,RECORD@2020-11-22_12.54.38,118,0.0,car,0.8616273403167725,0.9359384775161744,0,0.147,44.217
1723,897,525,974,582,-0.2058987617492675,41.55479049682617,0.5304217338562012,-0.1450431644916534,41.917877197265625,41.91812896728516,0.2000000029802322,253.0,18704120.0,RECORD@2020-11-22_12.54.38,119,0.0,car,0.9143231511116028,0.4940138459205627,0,0.146,43.918
1725,893,526,971,583,-0.3089967668056488,41.44270324707031,0.5299767255783081,0.0005800403305329,41.8598861694336,41.91812896728516,-0.0,253.0,22570284.0,RECORD@2020-11-22_12.54.38,121,1.0,car,0.9193419814109802,0.9279218316078186,0,0.0,43.918
1727,889,526,967,584,-0.406022846698761,41.31111526489258,0.5293769836425781,-0.0354777760803699,41.71744155883789,41.7185173034668,0.0,252.0,31276506.0,RECORD@2020-11-22_12.54.38,123,0.0,car,0.9294450283050536,0.928610622882843,0,0.0,43.719
1729,884,527,964,587,-0.4908164739608764,41.15107727050781,0.0972130298614502,-0.1446850895881652,41.51201629638672,41.51890563964844,0.2000000029802322,252.0,29335348.0,RECORD@2020-11-22_12.54.38,125,0.0,car,0.9341484308242798,0.8980316519737244,0,0.145,43.519
1730,884,523,963,585,-0.5259412527084351,41.05751419067383,0.6407530307769775,-0.0708376690745353,41.51663589477539,41.51890563964844,0.1000000014901161,252.0,23396854.0,RECORD@2020-11-22_12.54.38,126,0.0,car,0.9672286510467528,0.8996108174324036,0,0.072,43.519
1731,882,523,960,582,-0.5378695130348206,40.98780822753906,0.5281774997711182,-0.1415732204914093,41.11317443847656,41.11968612670898,0.2000000029802322,252.0,20233174.0,RECORD@2020-11-22_12.54.38,127,0.0,car,0.9112330079078674,0.9368100762367249,0,0.144,43.119
1732,878,525,959,585,-0.6167615056037903,40.85325622558594,0.6395655274391174,-0.2136529833078384,41.30672454833984,41.319297790527344,0.3000000119209289,252.0,25244118.0,RECORD@2020-11-22_12.54.38,128,0.0,car,0.9626049399375916,0.8850300908088684,0,0.216,43.319
1733,877,522,956,580,-0.5813252925872803,40.7763557434082,0.5277519226074219,-0.2849295437335968,41.10717391967773,41.11968612670898,0.4000000059604645,252.0,13815702.0,RECORD@2020-11-22_12.54.38,129,0.0,car,0.8803613781929016,0.916300654411316,0,0.287,43.119
1736,883,522,966,584,-0.4998484551906585,40.5832633972168,0.6377183198928833,-0.0720525830984115,41.00738525390625,41.01988220214844,0.1000000014901161,253.0,17803716.0,RECORD@2020-11-22_12.54.38,132,0.0,car,0.9512602090835572,0.9352342486381532,0,0.072,43.02
1737,888,522,972,585,-0.4076676964759826,40.51049041748047,0.5262621641159058,0.0005677379667758,40.920013427734375,40.92007827758789,-0.0,253.0,23523270.0,RECORD@2020-11-22_12.54.38,133,0.0,car,0.9250117540359496,0.9140719175338744,0,0.0,42.92
1739,902,520,982,584,-0.0856623724102974,40.43989181518555,0.5258558988571167,0.4227331876754761,40.6616325378418,40.72046661376953,-0.6000000238418579,253.0,18669644.0,RECORD@2020-11-22_12.54.38,135,1.0,car,0.9740936756134032,0.9195680618286132,0,-0.426,42.718
1739,1113,505,1147,596,3.459428548812866,32.15687561035156,0.6223565936088562,3.868327379226685,31.699508666992188,31.937620162963867,-7.0,178.0,6791406.5,RECORD@2020-11-22_12.54.38,135,1.0,person,0.8453564643859863,0.3579161465167999,4,-3.892,33.7
1740,908,523,990,585,0.0877717137336731,40.36077117919922,0.6360689401626587,0.2802743315696716,40.72022247314453,40.72046661376953,-0.4000000059604645,253.0,26728176.0,RECORD@2020-11-22_12.54.38,136,1.0,car,0.9472309947013856,0.8227525353431702,0,-0.284,42.719
1740,1127,508,1163,605,3.5051469802856445,30.447608947753903,0.8236404657363892,3.73405122756958,30.520488739013672,30.739959716796875,-7.0,178.0,5323237.5,RECORD@2020-11-22_12.54.38,136,1.0,bicycle,0.7333875894546509,0.6777011156082153,4,-3.746,32.511
1741,917,522,998,584,0.3028815388679504,40.316986083984375,0.5255657434463501,0.778343141078949,40.60626602172852,40.62065887451172,-1.100000023841858,254.0,27835620.0,RECORD@2020-11-22_12.54.38,137,0.0,car,0.8971723318099976,0.9234691262245178,0,-0.78,42.613
1741,1144,502,1181,604,3.60633397102356,28.671276092529297,0.861931562423706,3.827773332595825,28.684791564941406,28.94346809387207,-7.599999904632568,180.0,7286637.5,RECORD@2020-11-22_12.54.38,137,0.0,bicycle,0.8249732851982117,0.689037561416626,4,-3.828,30.689
1742,925,521,1004,581,0.4623253941535949,40.2507438659668,0.6355412006378174,0.8730701804161072,40.89290237426758,40.92007827758789,-1.2000000476837158,254.0,18146486.0,RECORD@2020-11-22_12.54.38,138,1.0,car,0.9108020663261414,0.917119801044464,0,-0.857,42.911
1742,1162,497,1199,611,3.67303991317749,26.897634506225582,0.8332900404930115,3.794973611831665,26.64191627502441,26.94736671447754,-8.100000381469727,178.0,6414246.0,RECORD@2020-11-22_12.54.38,138,1.0,bicycle,0.8040667772293091,0.7533337473869324,4,-3.797,28.679
1743,930,528,1012,590,0.5717561841011047,40.21344757080078,0.525314211845398,1.12360942363739,40.47431945800781,40.52085494995117,-1.600000023841858,254.0,14932861.0,RECORD@2020-11-22_12.54.38,139,1.0,car,0.958908200263977,0.9277327656745912,0,-1.131,42.505
1743,1171,503,1214,619,3.652475595474243,25.215755462646484,0.8042579889297485,3.847487211227417,25.04139518737793,25.350486755371094,-8.699999809265137,177.0,8632525.0,RECORD@2020-11-22_12.54.38,139,1.0,bicycle,0.7353609800338745,0.7420003414154053,4,-3.835,27.059
1745,945,520,1026,580,0.9507774710655212,40.09104537963867,0.5250820517539978,1.254537582397461,40.48226547241211,40.52085494995117,-1.7999999523162842,254.0,23075056.0,RECORD@2020-11-22_12.54.38,141,1.0,car,0.9234989881515504,0.8503105640411377,0,-1.273,42.501
1745,1214,504,1259,633,3.735697507858277,21.73904037475586,0.7453047037124634,3.8919098377227774,21.582365036010746,21.95711326599121,-10.100000381469728,179.0,9479369.0,RECORD@2020-11-22_12.54.38,141,1.0,bicycle,0.6707964539527893,0.7684148550033569,4,-3.851,23.617
1746,950,524,1030,581,1.118190884590149,40.08341217041016,0.6344196200370789,1.4634475708007812,40.66460037231445,40.72046661376953,-2.0999999046325684,254.0,21375454.0,RECORD@2020-11-22_12.54.38,142,1.0,car,0.8759221434593201,0.9012160301208496,0,-1.492,42.693
1746,1233,498,1289,639,3.755878448486328,19.921173095703125,0.7194364070892334,3.8879528045654297,19.988956451416016,20.36023330688477,-11.0,179.0,8290927.5,RECORD@2020-11-22_12.54.38,142,1.0,bicycle,0.9145728349685668,0.8580975532531738,4,-3.885,21.986
1749,954,522,1033,580,1.1560710668563845,39.85586929321289,0.5243855714797974,1.5512442588806152,40.26842498779297,40.32124710083008,-2.200000047683716,253.0,16087248.0,RECORD@2020-11-22_12.54.38,145,0.0,car,0.8498483896255493,0.9417975544929504,0,-1.548,42.292
1750,951,523,1033,583,1.150383234024048,39.8390007019043,0.632770299911499,1.3860012292861938,40.15219497680664,40.32124710083008,-2.0,253.0,19877354.0,RECORD@2020-11-22_12.54.38,146,1.0,car,0.9311630725860596,0.9129698276519777,0,-1.407,42.297
1751,948,525,1032,587,1.0460546016693115,39.762813568115234,0.5233408808708191,1.3868460655212402,40.004981994628906,40.02183151245117,-2.0,253.0,21984816.0,RECORD@2020-11-22_12.54.38,147,0.0,car,0.9357872605323792,0.9260365962982178,0,-1.397,41.997
1752,946,525,1029,585,0.9877874851226808,39.63869857788086,0.6316157579421997,1.3026621341705322,40.175514221191406,40.22144317626953,-1.899999976158142,252.0,38767860.0,RECORD@2020-11-22_12.54.38,148,0.0,car,0.8972026705741882,0.928213894367218,0,-1.334,42.199
1753,944,522,1026,581,1.0067461729049685,39.53156280517578,0.5230313539505005,1.120736837387085,39.99738311767578,40.12163543701172,-1.600000023841858,252.0,31424058.0,RECORD@2020-11-22_12.54.38,149,0.0,car,0.8904224038124084,0.934782862663269,0,-1.12,42.106
1754,940,525,1023,584,0.8998110890388489,39.470848083496094,0.6304612755775452,0.9244065880775452,39.985782623291016,40.12163543701172,-1.2999999523162842,251.0,20588772.0,RECORD@2020-11-22_12.54.38,150,0.0,car,0.904296576976776,0.936212718486786,0,-0.91,42.111
1756,931,510,1015,578,0.733797550201416,39.199485778808594,1.0409657955169678,0.6581069231033325,39.710479736328125,39.722415924072266,-1.0,250.0,18045512.0,RECORD@2020-11-22_12.54.38,152,0.0,car,0.9113157391548156,0.9240426421165466,0,-0.693,41.716
1766,907,523,993,584,0.1173122152686119,37.46755599975586,0.6173326373100281,0.3297460079193115,37.92308807373047,37.925926208496094,-0.5,247.0,27039586.0,RECORD@2020-11-22_12.54.38,162,0.0,car,0.8969748616218567,0.9366775751113892,0,-0.331,39.924
1766,848,509,898,552,-3.118762254714966,75.76561737060547,0.8706688284873962,-2.2255070209503174,75.03102111816406,75.05340576171875,1.7000000476837158,243.0,9790337.0,RECORD@2020-11-22_12.54.38,162,0.0,car,0.8898034691810608,0.852667510509491,5,2.227,77.02
1767,911,524,999,584,0.2332042008638382,37.23121643066406,0.5137062668800354,0.3332353830337524,37.71823501586914,37.72631454467773,-0.5,247.0,20700242.0,RECORD@2020-11-22_12.54.38,163,0.0,car,0.8731169700622559,0.9238276481628418,0,-0.329,39.725
1767,846,513,897,556,-2.977734088897705,69.629638671875,0.6394976377487183,-1.9358044862747192,69.23426055908203,69.26471710205078,1.600000023841858,244.0,20239846.0,RECORD@2020-11-22_12.54.38,163,0.0,car,0.9114909172058104,0.9016443490982056,5,1.934,71.238
1768,841,512,896,562,-2.711422681808472,63.88603591918945,0.7921609878540039,-2.657012462615967,63.41071701049805,63.47602081298828,2.400000095367432,245.0,7510853.5,RECORD@2020-11-22_12.54.38,164,1.0,car,0.9236738681793212,0.8173272609710693,5,2.658,65.42
1768,916,526,1005,585,0.3416244983673095,37.081424713134766,0.6142319440841675,0.4908562302589416,37.52384948730469,37.526702880859375,-0.800000011920929,246.0,19126926.0,RECORD@2020-11-22_12.54.38,164,1.0,car,0.8572142720222473,0.9220966100692748,0,-0.524,39.523
1769,835,513,896,567,-2.5938992500305176,57.72218704223633,0.5934721827507019,-2.3562357425689697,57.3375129699707,57.38791275024414,2.299999952316284,245.0,10875040.0,RECORD@2020-11-22_12.54.38,165,0.0,car,0.924863874912262,0.7684816122055054,5,2.303,59.342
1769,921,523,1010,586,0.4694647490978241,36.81709289550781,0.5120037794113159,0.9221215844154358,37.30865859985352,37.32709503173828,-1.399999976158142,246.0,27905692.0,RECORD@2020-11-22_12.54.38,165,0.0,car,0.9155821204185486,0.9391179084777832,0,-0.912,39.316
1770,925,523,1015,586,0.6147162318229675,36.33773422241211,0.5103206634521484,0.9774810075759888,36.90963745117188,36.92787551879883,-1.5,246.0,20872640.0,RECORD@2020-11-22_12.54.38,166,0.0,car,0.8607642650604248,0.920867681503296,0,-0.967,38.915
1770,809,508,888,578,-2.561776638031006,45.89528274536133,0.5476981997489929,-2.077305793762207,45.660003662109375,45.71072006225586,2.5999999046325684,247.0,9782691.0,RECORD@2020-11-22_12.54.38,166,0.0,car,0.9299299120903016,0.903992772102356,5,2.074,47.664
1771,927,524,1017,586,0.6980174779891968,36.191383361816406,0.6089870929718018,0.734975278377533,36.500247955322266,36.52865219116211,-1.2000000476837158,246.0,32954510.0,RECORD@2020-11-22_12.54.38,167,1.0,car,0.8423880934715271,0.9275009632110596,0,-0.765,38.521
1771,787,510,877,587,-2.648558616638184,40.102909088134766,0.6335619688034058,-2.487182378768921,39.6462516784668,39.722415924072266,3.5999999046325684,248.0,14799936.0,RECORD@2020-11-22_12.54.38,167,1.0,car,0.9198914170265198,0.8862677812576294,5,2.494,41.644
1772,757,514,862,601,-2.7169382572174072,34.14752960205078,0.5019822716712952,-2.919020175933838,33.6452522277832,33.73411178588867,4.900000095367432,249.0,13923475.0,RECORD@2020-11-22_12.54.38,168,1.0,car,0.9369332194328308,0.8289658427238464,5,2.881,35.611
1772,929,525,1019,590,0.641958475112915,35.972713470458984,0.5088309645652771,0.5105289220809937,36.30419921875,36.329044342041016,-0.800000011920929,246.0,18855934.0,RECORD@2020-11-22_12.54.38,168,1.0,car,0.9086121916770936,0.935517966747284,0,-0.507,38.326
1773,928,527,1020,588,0.6828449368476868,35.76784896850586,0.6058863401412964,0.5609540939331055,36.12775802612305,36.129432678222656,-0.8999999761581421,246.0,12770686.0,RECORD@2020-11-22_12.54.38,169,1.0,car,0.8404615521430969,0.9335442185401917,0,-0.567,38.125
1773,716,513,846,618,-2.6870486736297607,28.358720779418945,0.1833624988794326,-2.542525291442871,27.96967124938965,28.145029067993164,5.300000190734863,250.0,9697129.0,RECORD@2020-11-22_12.54.38,169,1.0,car,0.927056849002838,0.8705170750617981,5,2.6,30.025
1774,928,523,1020,588,0.6563102602958679,35.520362854003906,0.5071671605110168,0.6593220829963684,36.02530670166016,36.02962875366211,-1.100000023841858,247.0,22350006.0,RECORD@2020-11-22_12.54.38,170,1.0,car,0.8877755403518677,0.9425050616264344,0,-0.692,38.023
1774,665,513,823,642,-2.637306928634644,22.43093490600586,0.2204629629850387,-2.469477891921997,22.21533966064453,22.356334686279297,6.199999809265137,251.0,12812642.0,RECORD@2020-11-22_12.54.38,170,1.0,car,0.9844516515731812,0.8420848846435547,5,2.414,24.226
1775,563,515,781,685,-2.733227729797364,16.688716888427734,0.2590335011482239,-3.093012571334839,16.179733276367188,16.368030548095703,10.699999809265137,252.0,22366516.0,RECORD@2020-11-22_12.54.38,171,1.0,car,0.9507781267166138,0.9542914032936096,5,3.039,18.083
1775,927,525,1021,590,0.6410290002822876,35.34897994995117,0.603412389755249,0.7529584169387817,35.921932220458984,35.92982482910156,-1.2000000476837158,247.0,20846924.0,RECORD@2020-11-22_12.54.38,171,1.0,car,0.8969522714614868,0.904119908809662,0,-0.752,37.922
1776,386,509,711,752,-2.68672251701355,10.88137149810791,0.5583775043487549,-2.912665605545044,10.317286491394045,10.77894687652588,16.200000762939453,6.0,18529768.0,RECORD@2020-11-22_12.54.38,172,1.0,car,0.95428729057312,0.9349859356880188,5,3.007,12.351
1776,926,521,1018,589,0.6226615309715271,35.1485710144043,0.5058515667915344,0.7302597165107727,35.64231491088867,35.7302131652832,-1.2000000476837158,248.0,22509748.0,RECORD@2020-11-22_12.54.38,172,1.0,car,0.9335207939147948,0.9516770839691162,0,-0.748,37.722
1777,923,520,1016,587,0.6055370569229126,34.98550796508789,0.6009713411331177,0.5902162790298462,35.51603317260742,35.530601501464844,-1.0,248.0,20890390.0,RECORD@2020-11-22_12.54.38,173,1.0,car,0.9288864135742188,0.9316966533660888,0,-0.62,37.525
1777,46,516,561,935,-2.570845365524292,5.060160636901856,0.4072087407112121,-2.237720966339112,5.558079242706299,5.988303661346436,21.799999237060547,15.0,10148465.0,RECORD@2020-11-22_12.54.38,173,1.0,car,0.8864535689353943,0.4302595555782318,5,2.224,7.56
1778,921,517,1013,584,0.5037602186203003,34.81632614135742,0.9637987017631532,0.4581474065780639,35.281227111816406,35.33099365234375,-0.800000011920929,248.0,17749742.0,RECORD@2020-11-22_12.54.38,174,0.0,car,0.918146789073944,0.9234460592269896,0,-0.493,37.328
1779,918,519,1013,589,0.4691414535045624,34.657894134521484,0.5986623167991638,0.49650439620018,35.32964324951172,35.33099365234375,-0.800000011920929,249.0,21536354.0,RECORD@2020-11-22_12.54.38,175,0.0,car,0.9661916494369508,0.9440842866897584,0,-0.493,37.328
1780,916,520,1010,586,0.4275473654270172,34.47340774536133,0.5039169192314148,0.4908033907413482,35.02220916748047,35.13138198852539,-0.800000011920929,249.0,17402062.0,RECORD@2020-11-22_12.54.38,176,1.0,car,0.8824838995933533,0.8646453022956848,0,-0.491,37.128
1781,915,520,1009,593,0.4038182497024536,34.341426849365234,0.5968150496482849,0.4795491099357605,34.72157669067383,34.73216247558594,-0.800000011920929,250.0,28944676.0,RECORD@2020-11-22_12.54.38,177,0.0,car,0.9470642805099488,0.9351328015327454,0,-0.485,36.729
1782,911,520,1009,595,0.3148918747901916,34.26304626464844,0.5020983219146729,0.5490878820419312,34.81391906738281,34.83197021484375,-0.8999999761581421,251.0,22621584.0,RECORD@2020-11-22_12.54.38,178,0.0,car,0.9282798767089844,0.8958436250686646,0,-0.547,36.828
1783,910,513,1006,588,0.2838464081287384,34.09905242919922,0.5953966379165649,0.240864023566246,34.33210372924805,34.332942962646484,-0.4000000059604645,252.0,23567724.0,RECORD@2020-11-22_12.54.38,179,0.0,car,0.9735816717147828,0.9402042627334596,0,-0.24,36.332
1784,906,514,1003,592,0.189940333366394,34.00532531738281,0.5013824701309204,0.2401658743619918,34.48501968383789,34.53255081176758,-0.4000000059604645,252.0,29045504.0,RECORD@2020-11-22_12.54.38,180,0.0,car,0.9159640073776244,0.9466444849967957,0,-0.241,36.532
1785,905,514,1003,589,0.1850041449069976,33.924190521240234,0.5941101312637329,0.2387695461511612,34.39058303833008,34.43274688720703,-0.4000000059604645,253.0,27111098.0,RECORD@2020-11-22_12.54.38,181,0.0,car,0.9352139830589294,0.9471169114112854,0,-0.24,36.432
1786,901,514,999,594,0.1507953405380249,33.85871124267578,0.500744104385376,0.1188514754176139,34.1125373840332,34.133331298828125,-0.2000000029802322,254.0,29092676.0,RECORD@2020-11-22_12.54.38,182,0.0,car,0.9614467620849608,0.8917626738548279,0,-0.119,36.133
1787,901,514,996,593,0.1554229408502578,33.846126556396484,0.5933184623718262,0.2981598675251007,34.30778884887695,34.332942962646484,-0.5,254.0,29993184.0,RECORD@2020-11-22_12.54.38,183,0.0,car,0.887533962726593,0.9388989806175232,0,-0.3,36.332
1788,900,514,996,593,0.1300455927848816,33.75308609008789,0.5004345178604126,0.5083187222480774,34.31669616699219,34.332942962646484,-0.8999999761581421,254.0,22255976.0,RECORD@2020-11-22_12.54.38,184,1.0,car,0.9460634589195251,0.9400622844696044,0,-0.539,36.329
1789,900,514,996,596,0.0958059132099151,33.799285888671875,0.5930545926094055,0.2944481372833252,34.133201599121094,34.133331298828125,-0.5,128.0,28473728.0,RECORD@2020-11-22_12.54.38,185,0.0,car,0.9263717532157898,0.9251927733421326,0,-0.298,36.132
1790,898,514,995,594,0.0764134004712104,33.75857162475586,0.5002604722976685,0.3052738904953003,34.3275032043457,34.332942962646484,-0.5,1.0,19699138.0,RECORD@2020-11-22_12.54.38,186,0.0,car,0.9027062058448792,0.927130162715912,0,-0.3,36.332
1791,897,514,994,593,0.0674477666616439,33.76604461669922,0.5929886102676392,0.3536727726459503,34.332916259765625,34.332942962646484,-0.6000000238418579,1.0,27827536.0,RECORD@2020-11-22_12.54.38,187,0.0,car,0.9356406927108764,0.9277809858322144,0,-0.36,36.331
1792,896,515,994,594,0.0522488467395305,33.78636932373047,0.5003958940505981,0.0600406229496002,34.22747802734375,34.23313903808594,-0.1000000014901161,2.0,39422788.0,RECORD@2020-11-22_12.54.38,188,0.0,car,0.9356912970542908,0.9113246202468872,0,-0.06,36.233
1793,896,514,994,595,0.0637598037719726,33.873565673828125,0.5933844447135925,0.3017850220203399,34.31886672973633,34.332942962646484,-0.5,2.0,17658180.0,RECORD@2020-11-22_12.54.38,189,0.0,car,0.9617518186569214,0.9268711805343628,0,-0.3,36.332
1794,897,512,993,596,0.028697894886136,33.87540054321289,0.5006667375564575,0.1183482855558395,34.32476806640625,34.332942962646484,-0.2000000029802322,2.0,10915413.0,RECORD@2020-11-22_12.54.38,190,0.0,car,0.956404447555542,0.9228141903877258,0,-0.12,36.333
1795,898,515,994,598,0.0320114828646183,33.96828842163086,0.5940442085266113,0.0004812820116057,34.31869888305664,34.332942962646484,-0.0,3.0,13360224.0,RECORD@2020-11-22_12.54.38,191,0.0,car,0.9036661386489868,0.9274935722351074,0,0.0,36.333
1796,899,514,997,600,0.0434148758649826,34.016056060791016,0.501169741153717,0.3288023769855499,34.27564239501953,34.332942962646484,-0.6000000238418579,3.0,21163746.0,RECORD@2020-11-22_12.54.38,192,0.0,car,0.9319472312927246,0.9248749017715454,0,-0.36,36.331
1797,900,514,997,595,0.1332416236400604,34.067535400390625,0.5948358774185181,0.3620437383651733,34.42560958862305,34.43274688720703,-0.6000000238418579,2.0,18937224.0,RECORD@2020-11-22_12.54.38,193,0.0,car,0.8758044838905334,0.9363408088684082,0,-0.361,36.431
1798,901,510,999,591,0.1016974225640297,34.073883056640625,0.5018081665039062,0.3558197319507599,34.511043548583984,34.53255081176758,-0.6000000238418579,3.0,17516216.0,RECORD@2020-11-22_12.54.38,194,0.0,car,0.8930195569992065,0.9299554228782654,0,-0.362,36.531
1799,903,515,999,597,0.1450462639331817,34.18387985229492,0.5956275463104248,0.1812650263309478,34.3275032043457,34.332942962646484,-0.3000000119209289,2.0,26379350.0,RECORD@2020-11-22_12.54.38,195,0.0,car,0.9524791836738586,0.9105589389801024,0,-0.18,36.332
1800,904,515,999,599,0.1225110664963722,34.249393463134766,0.5020596385002136,0.3035294413566589,34.72554397583008,34.73216247558594,-0.5,2.0,21077442.0,RECORD@2020-11-22_12.54.38,196,0.0,car,0.9206396341323853,0.900330126285553,0,-0.303,36.731
1801,905,516,1001,597,0.1758264154195785,34.31188201904297,0.5963532328605652,0.4223013520240783,34.52470779418945,34.53255081176758,-0.699999988079071,2.0,30485960.0,RECORD@2020-11-22_12.54.38,197,0.0,car,0.9117870926856996,0.9191367030143738,0,-0.422,36.53
1802,904,516,1001,595,0.1908019334077835,34.34526062011719,0.5024079084396362,0.5961846113204956,34.48894119262695,34.53255081176758,-1.0,2.0,10597631.0,RECORD@2020-11-22_12.54.38,198,1.0,car,0.9426745772361756,0.9030920267105104,0,-0.603,36.527
1803,905,517,1000,601,0.166400671005249,34.405330657958984,0.597012996673584,0.4851252436637878,34.70761489868164,34.73216247558594,-0.800000011920929,2.0,12908047.0,RECORD@2020-11-22_12.54.38,199,0.0,car,0.959883987903595,0.8692206144332886,0,-0.485,36.729
1804,905,515,1000,601,0.1085674539208412,34.470829010009766,0.5029882788658142,0.6633170247077942,34.52202606201172,34.53255081176758,-1.100000023841858,3.0,16452773.0,RECORD@2020-11-22_12.54.38,200,1.0,car,0.9639803171157836,0.9135849475860596,0,-0.663,36.526
1805,905,514,999,597,0.1584152728319168,34.53213882446289,0.5976067185401917,0.424548327922821,34.70840835571289,34.73216247558594,-0.699999988079071,2.0,15401231.0,RECORD@2020-11-22_12.54.38,201,0.0,car,0.931273341178894,0.9215514063835144,0,-0.424,36.73
1806,903,513,999,594,0.1837680041790008,34.56415557861328,0.5032591223716736,0.4544194638729095,34.681968688964844,34.73216247558594,-0.800000011920929,2.0,14080593.0,RECORD@2020-11-22_12.54.38,202,1.0,car,0.891078770160675,0.9204558730125428,0,-0.485,36.729
1807,904,515,999,599,0.153099238872528,34.619895935058594,0.5982664823532104,0.4285300970077514,35.07583999633789,35.131385803222656,-0.699999988079071,2.0,24387800.0,RECORD@2020-11-22_12.54.38,203,0.0,car,0.9232877492904664,0.9042304158210754,0,-0.429,37.129
1808,904,514,998,593,0.1887068301439285,34.6252555847168,0.5038008689880371,0.3641364872455597,35.12554931640625,35.13138198852539,-0.6000000238418579,2.0,40381420.0,RECORD@2020-11-22_12.54.38,204,0.0,car,0.9711706042289734,0.8954021334648132,0,-0.368,37.129
1809,904,514,999,597,0.1726758182048797,34.73301696777344,0.5990251302719116,0.4247424006462097,35.12517547607422,35.13138198852539,-0.699999988079071,2.0,43294672.0,RECORD@2020-11-22_12.54.38,205,0.0,car,0.9211111664772034,0.9179386496543884,0,-0.429,37.129
1810,906,515,1001,601,0.1548639386892318,34.75273132324219,0.5041490793228149,0.4612222015857696,35.1035041809082,35.13138198852539,-0.800000011920929,2.0,28438864.0,RECORD@2020-11-22_12.54.38,206,1.0,car,0.8156045079231262,0.9276939034461976,0,-0.491,37.128
1811,908,517,1002,601,0.2228395789861679,34.80460357666016,0.5995529294013977,0.1224216818809509,34.93172073364258,34.9317741394043,-0.2000000029802322,2.0,20101012.0,RECORD@2020-11-22_12.54.38,207,0.0,car,0.8792166709899902,0.8768025040626526,0,-0.122,36.932
1812,910,512,1005,595,0.2467026263475418,34.825050354003906,0.5043812394142151,0.6847547292709351,35.077880859375,35.13138198852539,-1.100000023841858,2.0,16488702.0,RECORD@2020-11-22_12.54.38,208,0.0,car,0.9501601457595824,0.8281644582748413,0,-0.674,37.125
1813,911,512,1005,595,0.3194505870342254,34.89763641357422,0.6002126336097717,0.4937151074409485,35.115535736083984,35.13138198852539,-0.800000011920929,2.0,20347624.0,RECORD@2020-11-22_12.54.38,209,0.0,car,0.9337745308876038,0.8621320128440857,0,-0.491,37.128
1814,915,516,1008,596,0.3212844431400299,34.86887741088867,0.5047681927680969,0.7357774972915649,35.268802642822266,35.33099365234375,-1.2000000476837158,2.0,14264987.0,RECORD@2020-11-22_12.54.38,210,0.0,car,0.8766644597053528,0.9141697287559508,0,-0.74,37.323
1815,916,517,1008,597,0.3689397573471069,34.99700927734375,0.6005755066871643,0.8281766176223755,35.22059631347656,35.23118591308594,-1.399999976158142,2.0,24674382.0,RECORD@2020-11-22_12.54.38,211,0.0,car,0.9061580300331116,0.8629423379898071,0,-0.861,37.221
1816,918,519,1012,596,0.4043189585208893,35.040557861328125,0.5051164031028748,0.4937902987003326,35.32905197143555,35.33099365234375,-0.800000011920929,2.0,20616638.0,RECORD@2020-11-22_12.54.38,212,0.0,car,0.9159165620803832,0.902249038219452,0,-0.493,37.328
1817,921,515,1014,596,0.4561851918697357,35.09285354614258,0.601367175579071,0.555363118648529,35.321250915527344,35.33099365234375,-0.8999999761581421,2.0,24031024.0,RECORD@2020-11-22_12.54.38,213,0.0,car,0.874155580997467,0.8284806609153748,0,-0.555,37.327
1818,923,517,1014,597,0.4613239467144012,35.123958587646484,0.5055420398712158,0.6898412108421326,35.52253341674805,35.530601501464844,-1.100000023841858,2.0,24606474.0,RECORD@2020-11-22_12.54.38,214,0.0,car,0.8815949559211731,0.8768669366836548,0,-0.682,37.524
1819,924,516,1015,596,0.5028628706932068,35.18159484863281,0.6020928621292114,0.7315970063209534,35.50457000732422,35.530601501464844,-1.2000000476837158,2.0,22598720.0,RECORD@2020-11-22_12.54.38,215,0.0,car,0.862619936466217,0.8462750911712646,0,-0.744,37.523
1820,926,523,1016,598,0.5193308591842651,35.20688247680664,0.3212782144546509,0.757026195526123,35.72999954223633,35.7302131652832,-1.2000000476837158,2.0,36600184.0,RECORD@2020-11-22_12.54.38,216,0.0,car,0.946804404258728,0.9215699434280396,0,-0.748,37.722
1821,925,522,1018,595,0.5676356554031372,35.2618293762207,0.6025546789169312,0.555363118648529,35.52253341674805,35.530601501464844,-0.8999999761581421,2.0,22559862.0,RECORD@2020-11-22_12.54.38,217,0.0,car,0.9349967241287231,0.9077073931694032,0,-0.558,37.526
1822,927,521,1018,596,0.5433412790298462,35.31412124633789,0.506161093711853,0.7399580478668213,35.71692657470703,35.7302131652832,-1.2000000476837158,2.0,25752944.0,RECORD@2020-11-22_12.54.38,218,0.0,car,0.9468210339546204,0.8861871957778931,0,-0.748,37.722
1823,927,520,1018,596,0.578894317150116,35.33906936645508,0.6029505133628845,1.0091431140899658,35.7029914855957,35.7302131652832,-1.600000023841858,2.0,38277544.0,RECORD@2020-11-22_12.54.38,219,0.0,car,0.9212436676025392,0.8159791231155396,0,-0.998,37.716
1824,928,526,1018,598,0.5789122581481934,35.38406753540039,0.5064706802368164,1.6256792545318604,35.58629608154297,35.630409240722656,-2.5999999046325684,2.0,26497726.0,RECORD@2020-11-22_12.54.38,220,0.0,car,0.977252185344696,0.8066678047180176,0,-1.616,37.594
1825,927,522,1020,597,0.6068621873855591,35.44126892089844,0.6036102771759033,0.6345357298851013,35.923194885253906,35.92982482910156,-1.0,3.0,27011688.0,RECORD@2020-11-22_12.54.38,221,0.0,car,0.9274603724479676,0.8065320253372192,0,-0.627,37.924
1826,927,522,1020,594,0.6407783627510071,35.51907730102539,0.5069350004196167,0.5037193894386292,35.92166519165039,35.92982482910156,-0.800000011920929,3.0,24904746.0,RECORD@2020-11-22_12.54.38,222,0.0,car,0.950456440448761,0.8790152668952942,0,-0.502,37.926
1827,927,523,1021,595,0.60938960313797,35.58792495727539,0.6046658158302307,0.3157403767108917,35.92298126220703,35.92982482910156,-0.5,3.0,24545604.0,RECORD@2020-11-22_12.54.38,223,0.0,car,0.9678351879119872,0.8680921792984009,0,-0.314,37.928
1828,928,520,1019,598,0.6201130747795105,35.6315803527832,0.1340149790048599,0.648481547832489,35.92631530761719,35.92982482910156,-1.0,4.0,36168192.0,RECORD@2020-11-22_12.54.38,224,0.0,car,0.8917272686958313,0.7911306023597717,0,-0.627,37.924
1829,928,521,1021,594,0.6306822896003723,35.740360260009766,0.6057214140892029,0.8727110624313354,36.298248291015625,36.329044342041016,-1.399999976158142,4.0,24363336.0,RECORD@2020-11-22_12.54.38,225,1.0,car,0.9474320411682128,0.868556022644043,0,-0.888,38.318
1830,926,513,1019,588,0.6515210866928101,35.774803161621094,0.5083279609680176,0.3788433372974396,36.328155517578125,36.329044342041016,-0.6000000238418579,4.0,16648451.0,RECORD@2020-11-22_12.54.38,226,0.0,car,0.9030752182006836,0.8978869915008545,0,-0.38,38.327
1831,927,522,1020,596,0.6135767102241516,35.9326171875,0.6068429350852966,0.6057087182998657,36.31019973754883,36.329044342041016,-1.0,5.0,33869920.0,RECORD@2020-11-22_12.54.38,227,0.0,car,0.918375551700592,0.8413640856742859,0,-0.634,38.324
1832,926,528,1018,603,0.5895853042602539,36.000587463378906,0.1313529759645462,0.5676541924476624,36.522586822509766,36.52865219116211,-0.8999999761581421,5.0,27714836.0,RECORD@2020-11-22_12.54.38,228,0.0,car,0.9092796444892884,0.9096959233283995,0,-0.574,38.524
1833,927,528,1017,601,0.6259927153587341,36.09460067749024,0.6080964207649231,0.8404475450515747,36.51055908203125,36.52865219116211,-1.2999999523162842,6.0,25686196.0,RECORD@2020-11-22_12.54.38,229,0.0,car,0.9124605059623718,0.8867525458335876,0,-0.829,38.519
1834,926,515,1018,596,0.577646791934967,36.29515838623047,0.5098369717597961,0.701659083366394,36.77262115478516,36.82807159423828,-1.100000023841858,6.0,26309046.0,RECORD@2020-11-22_12.54.38,230,0.0,car,0.8269266486167908,0.8162583708763123,0,-0.707,38.821
1835,927,525,1017,598,0.5905216932296753,36.36024856567383,0.6096467971801758,0.5773266553878784,36.87046432495117,36.92787551879883,-0.8999999761581421,6.0,38152456.0,RECORD@2020-11-22_12.54.38,231,0.0,car,0.9062401056289672,0.7605215907096863,0,-0.58,38.923
1836,925,519,1017,594,0.5387810468673706,36.536128997802734,0.510804295539856,0.7054932713508606,36.91769027709961,36.92787551879883,-1.100000023841858,6.0,37994072.0,RECORD@2020-11-22_12.54.38,232,0.0,car,0.8820194602012634,0.5855319499969482,0,-0.709,38.921
1837,923,523,1017,593,0.6000494956970215,36.675689697265625,0.6116589903831482,0.4540349841117859,37.11905288696289,37.12748336791992,-0.699999988079071,6.0,27609506.0,RECORD@2020-11-22_12.54.38,233,0.0,car,0.9329204559326172,0.9127480983734132,0,-0.454,39.125
1838,923,523,1018,590,0.5364999771118164,36.733699798583984,0.511849045753479,0.516108512878418,37.118202209472656,37.12748336791992,-0.800000011920929,6.0,31324622.0,RECORD@2020-11-22_12.54.38,234,1.0,car,0.9118256568908693,0.9109891057014464,0,-0.518,39.124
1839,924,520,1015,590,0.5930060148239136,36.93981552124024,0.6135061979293823,0.5881750583648682,37.31856155395508,37.32709503173828,-0.8999999761581421,7.0,22689644.0,RECORD@2020-11-22_12.54.38,235,0.0,car,0.9242336750030518,0.9269591569900512,0,-0.586,39.322
1840,924,519,1013,595,0.5679875612258911,37.10048294067383,0.124365285038948,0.5907688140869141,37.6318359375,37.72631454467773,-0.8999999761581421,7.0,30647444.0,RECORD@2020-11-22_12.54.38,236,0.0,car,0.8634081482887268,0.8424795866012573,0,-0.593,39.722
1841,923,521,1013,592,0.5786463618278503,37.249061584472656,0.615485429763794,0.5342420339584351,37.71964645385742,37.72631454467773,-0.800000011920929,7.0,31304366.0,RECORD@2020-11-22_12.54.38,237,0.0,car,0.9079844355583192,0.8411438465118408,0,-0.527,39.723
1842,923,519,1012,595,0.4902318120002746,37.40508270263672,0.1223022490739822,0.5312891006469727,37.767677307128906,37.82611846923828,-0.800000011920929,6.0,23293842.0,RECORD@2020-11-22_12.54.38,238,1.0,car,0.8438985347747803,0.9037405252456664,0,-0.528,39.822
1843,922,522,1011,592,0.5071709752082825,37.54806137084961,0.6173986196517944,0.7043014764785767,38.0174560546875,38.02573013305664,-1.100000023841858,7.0,36610468.0,RECORD@2020-11-22_12.54.38,239,0.0,car,0.901160717010498,0.8908034563064575,0,-0.73,40.019
1844,922,521,1010,591,0.5326457619667053,37.70526885986328,0.6186851263046265,0.6021525263786316,38.11501693725586,38.12553405761719,-0.8999999761581421,6.0,28483854.0,RECORD@2020-11-22_12.54.38,240,0.0,car,0.927872598171234,0.9231292009353638,0,-0.599,40.121
1845,921,519,1010,591,0.497666448354721,37.88549041748047,0.1191744208335876,0.7438353300094604,38.30785369873047,38.32514572143555,-1.100000023841858,7.0,27699612.0,RECORD@2020-11-22_12.54.38,241,0.0,car,0.889581024646759,0.9089071750640868,0,-0.736,40.318
1846,920,524,1009,596,0.4652764797210693,37.98452758789063,0.6203343868255615,0.7457524538040161,38.49654769897461,38.52475357055664,-1.100000023841858,6.0,22651506.0,RECORD@2020-11-22_12.54.38,242,0.0,car,0.8798320889472961,0.8368992805480957,0,-0.74,40.518
1847,921,524,1008,597,0.4377341270446777,38.08268356323242,0.1175106763839721,0.6724768280982971,38.49652862548828,38.52475357055664,-1.0,6.0,36303932.0,RECORD@2020-11-22_12.54.38,243,1.0,car,0.8757209777832031,0.9010279178619384,0,-0.672,40.519
1848,922,520,1009,591,0.4501011371612549,38.26382446289063,0.6222805976867676,0.7438353300094604,38.71132278442383,38.724365234375,-1.100000023841858,6.0,24334088.0,RECORD@2020-11-22_12.54.38,244,0.0,car,0.8899282813072205,0.9084391593933104,0,-0.743,40.717
1849,918,519,1007,591,0.4211586117744446,38.39784240722656,0.1157803535461425,0.4684671461582184,38.71698760986328,38.724365234375,-0.699999988079071,6.0,27801338.0,RECORD@2020-11-22_12.54.38,245,0.0,car,0.8554457426071167,0.8663724660873413,0,-0.473,40.721
1860,907,519,992,593,0.1517460495233535,39.46905899047852,0.6302633285522461,0.4941990673542022,39.95797729492188,40.02183151245117,-0.699999988079071,4.0,22879842.0,RECORD@2020-11-22_12.54.38,256,1.0,car,0.8689836263656616,0.7691780924797058,0,-0.489,42.019
1860,839,526,891,570,-2.851120710372925,67.0113754272461,-0.0717549622058868,-2.2293624877929688,67.30789184570312,67.36842346191406,1.899999976158142,247.0,7175141.0,RECORD@2020-11-22_12.54.38,256,1.0,car,0.8888833522796631,0.9071459174156188,6,2.234,69.331
1861,904,522,990,594,0.0688466653227806,39.56072616577149,0.1078609526157379,0.3514201641082763,40.020450592041016,40.12163543701172,-0.5,4.0,14161210.0,RECORD@2020-11-22_12.54.38,257,0.0,car,0.8771806359291077,0.8920565247535706,0,-0.35,42.12
1861,826,527,880,574,-2.9975132942199707,61.16012573242188,-0.0369843393564224,-2.8952441215515137,61.36740493774414,61.47991943359375,2.700000047683716,247.0,8794488.0,RECORD@2020-11-22_12.54.38,257,0.0,car,0.8949898481369019,0.926400065422058,6,2.896,63.412
1862,906,527,991,592,0.0598428919911384,39.64928436279297,0.6312528848648071,0.2126982808113098,40.1035385131836,40.12163543701172,-0.3000000119209289,3.0,18741722.0,RECORD@2020-11-22_12.54.38,258,0.0,car,0.9604111909866332,0.921335518360138,0,-0.21,42.121
1862,811,528,872,578,-3.2893834114074707,55.21817398071289,0.0055653750896453,-2.4980080127716064,55.23512649536133,55.29200744628906,2.5999999046325684,247.0,7318122.0,RECORD@2020-11-22_12.54.38,258,0.0,car,0.9039364457130432,0.9069770574569702,6,2.508,57.235
1863,903,522,990,591,0.025581119582057,39.718936920166016,0.315115749835968,0.42482590675354,40.16749572753906,40.22144317626953,-0.6000000238418579,3.0,23230728.0,RECORD@2020-11-22_12.54.38,259,0.0,car,0.8957993388175964,0.9315447807312012,0,-0.421,42.219
1863,795,525,860,585,-3.3422398567199707,49.39543151855469,0.0415442436933517,-2.9897289276123047,49.508934020996094,49.603118896484375,3.400000095367432,248.0,6355394.0,RECORD@2020-11-22_12.54.38,259,0.0,car,0.9014905691146852,0.908663809299469,6,2.942,51.516
1864,773,522,851,592,-3.234790563583374,43.488887786865234,0.0826877653598785,-3.012915849685669,43.59161376953125,43.71461868286133,3.900000095367432,249.0,11293640.0,RECORD@2020-11-22_12.54.38,260,0.0,car,0.9224640727043152,0.9220299124717712,6,2.973,45.613
1864,905,525,988,589,0.0295205917209386,39.77214431762695,0.6320775747299194,0.499805212020874,40.29668426513672,40.32124710083008,-0.699999988079071,3.0,12860960.0,RECORD@2020-11-22_12.54.38,260,0.0,car,0.951055943965912,0.9049527645111084,0,-0.493,42.318
1865,904,525,987,593,0.0260317623615264,39.85734939575195,0.1058977544307708,0.3610953986644745,40.40828323364258,40.52085494995117,-0.5,3.0,17903990.0,RECORD@2020-11-22_12.54.38,261,0.0,car,0.7734618782997131,0.8430727124214172,0,-0.354,42.519
1865,749,523,840,601,-3.297008752822876,37.632469177246094,0.1194406151771545,-2.780100107192993,37.73643112182617,37.925926208496094,4.199999809265137,250.0,10429746.0,RECORD@2020-11-22_12.54.38,261,0.0,car,0.9111269116401672,0.9131478667259216,6,2.778,39.824
1866,905,524,988,587,0.0720695629715919,39.93775939941406,0.6332321166992188,0.3567343354225158,40.3647346496582,40.42105102539063,-0.5,4.0,15342648.0,RECORD@2020-11-22_12.54.38,262,1.0,car,0.9819203019142152,0.9284969568252563,0,-0.353,42.42
1866,713,522,820,612,-3.329493761062622,31.772113800048828,0.159942090511322,-2.857532024383545,31.938337326049805,32.137229919433594,5.199999809265137,251.0,8624349.0,RECORD@2020-11-22_12.54.38,262,1.0,car,0.9540210366249084,0.4326445758342743,6,2.913,34.005
1867,660,528,790,632,-3.40203857421875,25.917844772338867,0.1963054537773132,-3.1053290367126465,26.053192138671875,26.34853744506836,6.800000190734863,252.0,11431831.0,RECORD@2020-11-22_12.54.38,263,0.0,car,0.9448365569114684,0.9296920895576476,6,3.12,28.163
1867,903,526,988,588,-0.0173322018235921,40.03525924682617,0.314631313085556,0.4269836843013763,40.51165008544922,40.52085494995117,-0.6000000238418579,4.0,16483634.0,RECORD@2020-11-22_12.54.38,263,0.0,car,0.9517197608947754,0.9446530342102052,0,-0.424,42.519
1868,581,530,750,662,-3.362311124801636,20.124143600463867,0.2359099686145782,-3.3250746726989746,20.336240768432617,20.75945281982422,9.399999618530272,253.0,18149116.0,RECORD@2020-11-22_12.54.38,264,0.0,car,0.9634984135627748,0.9502227306365968,6,3.391,22.481
1868,905,525,988,585,0.0667610839009285,40.10692596435547,0.6344196200370789,0.4206404089927673,40.51462173461914,40.52085494995117,-0.6000000238418579,4.0,21791990.0,RECORD@2020-11-22_12.54.38,264,0.0,car,0.9385533928871156,0.9026986360549928,0,-0.424,42.519
1869,478,530,701,703,-3.32792592048645,14.227087020874023,0.2721720337867737,-3.3514745235443115,14.514358520507812,14.970759391784668,13.199999809265137,4.0,15404378.0,RECORD@2020-11-22_12.54.38,265,0.0,car,0.979311227798462,0.959613025188446,6,3.419,16.575
1869,904,525,988,584,-0.0108212018385529,40.23717880249024,0.5250820517539978,0.2855240404605865,40.7003288269043,40.72046661376953,-0.4000000059604645,5.0,24771458.0,RECORD@2020-11-22_12.54.38,265,0.0,car,0.9266861081123352,0.8974183201789856,0,-0.284,42.719
1870,240,534,596,788,-3.310462474822998,8.507637977600098,0.3103934228420257,-3.102012634277344,8.715968132019043,9.381675720214844,20.100000381469727,14.0,14748500.0,RECORD@2020-11-22_12.54.38,266,1.0,car,0.9425809979438782,0.9540594816207886,6,3.224,10.81
1870,905,526,988,586,0.1017863005399704,40.21983337402344,0.6356731653213501,0.4311369657516479,40.71162033081055,40.72046661376953,-0.6000000238418579,5.0,24728502.0,RECORD@2020-11-22_12.54.38,266,1.0,car,0.9332708120346068,0.9150792956352234,0,-0.426,42.718
1872,911,524,994,585,0.2016486227512359,40.53284454345703,0.6371245384216309,0.5634488463401794,40.91328048706055,40.92007827758789,-0.800000011920929,5.0,22335602.0,RECORD@2020-11-22_12.54.38,268,0.0,car,0.9587249159812928,0.9039939045906068,0,-0.571,42.916
1873,914,526,995,585,0.2419234216213226,40.61056518554688,0.1007068902254104,0.6464532613754272,41.1134147644043,41.11968612670898,-0.8999999761581421,5.0,19317102.0,RECORD@2020-11-22_12.54.38,269,1.0,car,0.9242249727249146,0.9305638670921326,0,-0.646,43.115
1874,917,522,998,584,0.3591597974300384,40.723419189453125,0.6385759115219116,0.6383355855941772,41.11927795410156,41.11968612670898,-0.8999999761581421,5.0,20066560.0,RECORD@2020-11-22_12.54.38,270,0.0,car,0.9176042079925536,0.9289216995239258,0,-0.646,43.115
1875,920,519,1001,586,0.3731223046779632,40.84025192260742,0.0992095023393631,0.7215873003005981,41.30670547485352,41.319297790527344,-1.0,5.0,19921652.0,RECORD@2020-11-22_12.54.38,271,0.0,car,0.8861382007598877,0.9267756938934326,0,-0.721,43.313
1876,921,518,1004,589,0.4080156981945038,40.94437026977539,0.6399613618850708,0.7580142021179199,41.31904602050781,41.319297790527344,-1.100000023841858,5.0,17064176.0,RECORD@2020-11-22_12.54.38,272,0.0,car,0.8558236956596375,0.9083022475242616,0,-0.793,43.312
1877,923,520,1005,588,0.483062595129013,41.05051040649414,0.6405551433563232,0.6955811977386475,41.81291961669922,41.818321228027344,-1.0,4.0,17664562.0,RECORD@2020-11-22_12.54.38,273,0.0,car,0.8666368722915649,0.9113216996192932,0,-0.73,43.812
1878,926,516,1007,586,0.5609368085861206,41.22929382324219,0.4880527555942535,0.861719012260437,41.5125732421875,41.51890563964844,-1.2000000476837158,4.0,28838154.0,RECORD@2020-11-22_12.54.38,274,0.0,car,0.8278568983078003,0.929716944694519,0,-0.87,43.51
1879,926,519,1007,585,0.5184481143951416,41.280235290527344,0.6420395374298096,1.0052168369293213,41.69378662109375,41.7185173034668,-1.399999976158142,3.0,26320216.0,RECORD@2020-11-22_12.54.38,275,0.0,car,0.8469296097755432,0.9404181838035583,0,-1.019,43.706
1880,927,516,1008,584,0.4799682796001434,41.35890197753906,0.0958820283412933,0.7212575674057007,41.716922760009766,41.7185173034668,-1.0,3.0,15771750.0,RECORD@2020-11-22_12.54.38,276,0.0,car,0.863082230091095,0.9171009063720704,0,-0.728,43.712
1881,928,521,1007,584,0.5739495158195496,41.41558837890625,0.6427322626113892,0.9380007982254028,41.755252838134766,41.818321228027344,-1.2999999523162842,2.0,30511576.0,RECORD@2020-11-22_12.54.38,277,0.0,car,0.944306492805481,0.943326473236084,0,-0.949,43.808
1882,926,519,1007,582,0.5585327744483948,41.39121627807617,0.5298413038253784,0.8091399669647217,41.90813446044922,41.91812896728516,-1.100000023841858,2.0,21728036.0,RECORD@2020-11-22_12.54.38,278,0.0,car,0.8700398206710815,0.9396638870239258,0,-0.805,43.91
1883,926,522,1005,585,0.5534825921058655,41.47389602661133,0.6433259844779968,1.054147481918335,41.77881622314453,41.818321228027344,-1.5,1.0,13547286.0,RECORD@2020-11-22_12.54.38,279,0.0,car,0.8947405815124512,0.9290802478790284,0,-1.095,43.804
1884,926,522,1004,584,0.5028802752494812,41.48279571533203,0.3130025267601013,1.1394093036651611,41.90174102783203,41.91812896728516,-1.600000023841858,1.0,17089058.0,RECORD@2020-11-22_12.54.38,280,1.0,car,0.8883609771728516,0.916289746761322,0,-1.17,43.902
1885,925,521,1004,585,0.4940712451934814,41.54230880737305,0.6436558961868286,0.8657702803611755,41.9101448059082,41.91812896728516,-1.2000000476837158,1.0,25213114.0,RECORD@2020-11-22_12.54.38,281,0.0,car,0.855475664138794,0.902367353439331,0,-0.878,43.909
1886,925,524,1001,577,0.452223539352417,41.470027923583984,0.5306152105331421,0.8653746247291565,41.91072082519531,41.91812896728516,-1.2000000476837158,1.0,20353558.0,RECORD@2020-11-22_12.54.38,282,0.0,car,0.8086796402931213,0.9168124198913574,0,-0.878,43.909
1887,923,521,1002,577,0.478331446647644,41.5123176574707,0.6441836357116699,0.7251836657524109,41.90765380859375,41.91812896728516,-1.0,1.0,34086712.0,RECORD@2020-11-22_12.54.38,283,0.0,car,0.8832058906555176,0.8808112144470215,0,-0.732,43.912
1888,922,520,1001,581,0.4916365146636963,41.53481674194336,0.5301121473312378,0.7927129864692688,41.91499328613281,41.91812896728516,-1.100000023841858,1.0,24927468.0,RECORD@2020-11-22_12.54.38,284,0.0,car,0.953643560409546,0.9292004704475404,0,-0.805,43.91
1889,920,519,1001,579,0.4948880970478058,41.5153694152832,0.6437878012657166,0.5138406753540039,41.909027099609375,41.91812896728516,-0.699999988079071,254.0,22530110.0,RECORD@2020-11-22_12.54.38,285,0.0,car,0.9538297057151794,0.912388265132904,0,-0.512,43.915
1890,921,520,1000,580,0.4364522993564605,41.4918212890625,0.5300347805023193,0.652630090713501,41.90861129760742,41.91812896728516,-0.8999999761581421,254.0,31758602.0,RECORD@2020-11-22_12.54.38,286,0.0,car,0.9412264227867126,0.928594172000885,0,-0.658,43.913
1891,921,520,1001,580,0.5232975482940674,41.48097610473633,0.6434249877929688,0.4794338941574096,41.914649963378906,41.91812896728516,-0.699999988079071,254.0,32361234.0,RECORD@2020-11-22_12.54.38,287,0.0,car,0.9186288714408876,0.8634495139122009,0,-0.512,43.915
1892,921,519,1002,577,0.4579590559005737,41.381629943847656,0.5303443670272827,0.2918294668197632,41.91812896728516,41.91812896728516,-0.4000000059604645,254.0,21270422.0,RECORD@2020-11-22_12.54.38,288,0.0,car,0.9170088171958924,0.9133782982826232,0,-0.293,43.917
1893,921,519,1000,581,0.4539822340011596,41.39280700683594,0.6428642272949219,0.442647248506546,41.9165267944336,41.91812896728516,-0.6000000238418579,254.0,24346726.0,RECORD@2020-11-22_12.54.38,289,0.0,car,0.9148131012916564,0.9127975702285768,0,-0.439,43.916
1894,922,518,1001,582,0.4627149999141693,41.328857421875,0.096680611371994,0.5899917483329773,41.70809173583984,41.7185173034668,-0.800000011920929,254.0,26126422.0,RECORD@2020-11-22_12.54.38,290,1.0,car,0.9430714845657348,0.9086039662361144,0,-0.582,43.714
1895,922,514,1000,573,0.5111232399940491,41.28142166137695,1.0767483711242676,0.5531118512153625,41.75337600708008,41.818321228027344,-0.800000011920929,254.0,31725736.0,RECORD@2020-11-22_12.54.38,291,0.0,car,0.85794997215271,0.8436468243598938,0,-0.584,43.814
1896,920,519,1000,582,0.3874472081661224,41.27765655517578,0.5291835069656372,0.4363648891448974,41.65821838378906,41.7185173034668,-0.6000000238418579,254.0,23555040.0,RECORD@2020-11-22_12.54.38,292,0.0,car,0.9391744136810304,0.8720184564590454,0,-0.437,43.716
1897,920,514,1000,578,0.4168158173561096,41.22699737548828,0.6424023509025574,0.4416350722312927,41.518653869628906,41.51890563964844,-0.6000000238418579,254.0,19095282.0,RECORD@2020-11-22_12.54.38,293,0.0,car,0.9143509864807128,0.9122650027275084,0,-0.435,43.517
1898,919,516,999,577,0.394817590713501,41.1551628112793,0.8013166189193726,0.4678783118724823,41.561553955078125,41.61871337890625,-0.699999988079071,254.0,25261796.0,RECORD@2020-11-22_12.54.38,294,0.0,car,0.9480143785476683,0.9153913855552672,0,-0.508,43.616
1899,918,520,998,584,0.3320170640945434,41.14168548583984,0.6412808299064636,0.5718169212341309,41.50947952270508,41.51890563964844,-0.800000011920929,254.0,23452224.0,RECORD@2020-11-22_12.54.38,295,1.0,car,0.929901361465454,0.9117815494537354,0,-0.58,43.515
1900,917,513,998,574,0.329116016626358,41.087703704833984,0.8007113933563232,0.2931811511516571,41.51789093017578,41.51890563964844,-0.4000000059604645,254.0,22804710.0,RECORD@2020-11-22_12.54.38,296,0.0,car,0.9008512496948242,0.9231680035591124,0,-0.29,43.518
1901,916,513,996,575,0.2990670204162597,41.03023147583008,1.0722970962524414,0.3611503839492798,41.51789093017578,41.51890563964844,-0.5,254.0,32185192.0,RECORD@2020-11-22_12.54.38,297,0.0,car,0.9391841888427734,0.9259664416313172,0,-0.362,43.517
1902,915,521,996,582,0.2480822205543518,41.01968765258789,0.5282548666000366,0.4290113747119903,41.51156997680664,41.51890563964844,-0.6000000238418579,254.0,28089286.0,RECORD@2020-11-22_12.54.38,298,0.0,car,0.92452472448349,0.904896914958954,0,-0.435,43.517
1903,917,515,995,574,0.3374809324741363,40.93917465209961,1.0705848932266235,0.5047495365142822,41.35940933227539,41.41910171508789,-0.699999988079071,254.0,20032028.0,RECORD@2020-11-22_12.54.38,299,0.0,car,0.9177502989768982,0.923740565776825,0,-0.506,43.416
1904,915,522,995,580,0.2483252733945846,40.90324783325195,0.5279066562652588,0.2147938311100006,41.31904983520508,41.319297790527344,-0.3000000119209289,254.0,27733192.0,RECORD@2020-11-22_12.54.38,300,0.0,car,0.8769580721855164,0.9269981384277344,0,-0.216,43.319
1905,917,524,995,584,0.2818534076213836,40.87955856323242,0.6394336223602295,0.5028559565544128,41.31142807006836,41.319297790527344,-0.699999988079071,254.0,38521872.0,RECORD@2020-11-22_12.54.38,301,0.0,car,0.8802486658096313,0.9305359721183776,0,-0.505,43.316
1906,916,523,996,578,0.2786578238010406,40.77392578125,0.5276164412498474,0.5690275430679321,41.31073760986328,41.319297790527344,-0.800000011920929,254.0,25491064.0,RECORD@2020-11-22_12.54.38,302,0.0,car,0.8078052401542664,0.9004987478256226,0,-0.577,43.315
1907,916,524,995,579,0.3374859392642975,40.79023361206055,0.6389058232307434,0.5687675476074219,41.31066131591797,41.319297790527344,-0.800000011920929,254.0,20664730.0,RECORD@2020-11-22_12.54.38,303,1.0,car,0.8463435769081116,0.8688677549362183,0,-0.577,43.315
1908,917,522,995,576,0.3220262229442596,40.67558288574219,0.5279453992843628,0.3956816792488098,41.08696746826172,41.11968612670898,-0.6000000238418579,254.0,19384684.0,RECORD@2020-11-22_12.54.38,304,0.0,car,0.8207550048828125,0.9339542388916016,0,-0.431,43.117
1909,916,521,996,577,0.2681258916854858,40.64823532104492,0.6390377283096313,0.5662381649017334,41.09925842285156,41.11968612670898,-0.800000011920929,254.0,14523319.0,RECORD@2020-11-22_12.54.38,305,0.0,car,0.8953599333763123,0.9293747544288636,0,-0.574,43.116
1910,915,520,996,578,0.2981745898723602,40.58136749267578,0.5271908044815063,0.7861313223838806,41.04073333740234,41.11968612670898,-1.100000023841858,254.0,25481098.0,RECORD@2020-11-22_12.54.38,306,0.0,car,0.9198620319366456,0.913016438484192,0,-0.789,43.112
1911,916,521,994,578,0.2903653681278229,40.55946350097656,0.6379162073135376,0.7871177196502686,40.90760803222656,40.92007827758789,-1.100000023841858,254.0,24787278.0,RECORD@2020-11-22_12.54.38,307,0.0,car,0.9030498266220092,0.933471381664276,0,-0.786,42.913
1912,914,519,993,579,0.2576472759246826,40.50950622558594,0.5265717506408691,0.5691142082214355,40.95738983154297,41.01988220214844,-0.800000011920929,254.0,15761055.0,RECORD@2020-11-22_12.54.38,308,1.0,car,0.9251431822776794,0.9178021550178528,0,-0.573,43.016
1913,914,519,993,580,0.2769828140735626,40.51287460327149,0.6372565031051636,0.5718169212341309,40.90985107421875,40.92007827758789,-0.800000011920929,254.0,20654986.0,RECORD@2020-11-22_12.54.38,309,1.0,car,0.9213064908981324,0.9429148435592652,0,-0.571,42.916
1914,915,515,995,576,0.2803185284137726,40.437931060791016,1.05994975566864,0.5017118453979492,40.91929626464844,40.92007827758789,-0.699999988079071,254.0,29612782.0,RECORD@2020-11-22_12.54.38,310,0.0,car,0.9345539808273317,0.901401162147522,0,-0.5,42.917
1915,915,520,995,579,0.3141997754573822,40.4959716796875,0.6369266510009766,0.5687675476074219,40.910789489746094,40.92007827758789,-0.800000011920929,1.0,26461654.0,RECORD@2020-11-22_12.54.38,311,0.0,car,0.9121849536895752,0.9263509511947632,0,-0.571,42.916
1916,916,513,996,575,0.3028169870376587,40.434417724609375,1.0596084594726562,0.5690275430679321,40.91929626464844,40.92007827758789,-0.800000011920929,1.0,17164222.0,RECORD@2020-11-22_12.54.38,312,0.0,car,0.968672811985016,0.92749685049057,0,-0.571,42.916
1917,915,520,996,579,0.3516846299171448,40.51115036010742,0.6371905207633972,0.4955705404281616,40.960731506347656,41.01988220214844,-0.699999988079071,1.0,20096938.0,RECORD@2020-11-22_12.54.38,313,0.0,car,0.8967028260231018,0.8947737812995911,0,-0.501,43.017
1918,916,521,996,580,0.2467560470104217,40.52577590942383,0.5263976454734802,0.6338042616844177,40.91159439086914,40.92007827758789,-0.8999999761581421,2.0,32749730.0,RECORD@2020-11-22_12.54.38,314,0.0,car,0.896751344203949,0.9124557375907898,0,-0.643,42.915
1919,915,516,997,576,0.3145691752433777,40.53872680664063,1.0639078617095947,0.5773956179618835,40.9835205078125,41.11968612670898,-0.800000011920929,2.0,26503760.0,RECORD@2020-11-22_12.54.38,315,1.0,car,0.9207326173782348,0.8121426105499268,0,-0.574,43.116
1920,918,521,995,582,0.3157059252262115,40.6466178894043,0.526726484298706,0.5662381649017334,41.11116790771485,41.11968612670898,-0.800000011920929,3.0,33317502.0,RECORD@2020-11-22_12.54.38,316,1.0,car,0.9183258414268494,0.7454074025154114,0,-0.574,43.116
1921,914,517,996,576,0.3093701004981994,40.67954635620117,1.0663046836853027,0.3628950417041778,41.11943817138672,41.11968612670898,-0.5,4.0,28397026.0,RECORD@2020-11-22_12.54.38,317,0.0,car,0.8936054706573486,0.91401344537735,0,-0.359,43.118
1922,912,511,991,571,0.2303943336009979,40.78978729248047,1.065495252609253,0.355428546667099,41.31904983520508,41.319297790527344,-0.5,4.0,29954748.0,RECORD@2020-11-22_12.54.38,318,0.0,car,0.8901275992393494,0.7974516153335571,0,-0.361,43.318
1923,910,528,990,589,0.1310332864522934,40.91313934326172,0.6394336223602295,0.2146139144897461,41.31926727294922,41.319297790527344,-0.3000000119209289,4.0,22388096.0,RECORD@2020-11-22_12.54.38,319,0.0,car,0.9226316213607788,0.8149248957633972,0,-0.216,43.319
1924,908,522,988,580,0.0743327066302299,40.9905891418457,0.5281001329421997,0.6433151960372925,41.31300354003906,41.319297790527344,-0.8999999761581421,5.0,23077926.0,RECORD@2020-11-22_12.54.38,320,1.0,car,0.8864771127700806,0.7739995718002319,0,-0.649,43.314
1925,905,517,983,579,0.0700985044240951,41.06828689575195,0.6410828828811646,0.3952275514602661,41.51157760620117,41.51890563964844,-0.6000000238418579,5.0,18853964.0,RECORD@2020-11-22_12.54.38,321,0.0,car,0.9148093461990356,0.9074077606201172,0,-0.435,43.517
1926,904,520,983,581,0.0420168340206146,41.15972137451172,0.5288739800453186,0.2875967025756836,41.49355316162109,41.51890563964844,-0.4000000059604645,5.0,24771448.0,RECORD@2020-11-22_12.54.38,322,0.0,car,0.9414952397346495,0.832472562789917,0,-0.29,43.518
1927,905,523,983,584,-0.0086058937013149,41.28070068359375,0.642336368560791,0.2221620976924896,41.712100982666016,41.7185173034668,-0.3000000119209289,5.0,31784906.0,RECORD@2020-11-22_12.54.38,323,0.0,car,0.9782124161720276,0.8649879097938538,0,-0.218,43.718
1928,905,521,982,584,-0.0001717940467642,41.441673278808594,0.5297252535820007,0.5075060129165649,41.793006896972656,41.91812896728516,-0.699999988079071,5.0,16016279.0,RECORD@2020-11-22_12.54.38,324,1.0,car,0.9723966717720032,0.6823148131370544,0,-0.512,43.915
1929,904,519,981,581,0.0256301648914814,41.5350456237793,0.6441176533699036,0.2552682757377624,41.911746978759766,41.91812896728516,-0.4000000059604645,6.0,15715789.0,RECORD@2020-11-22_12.54.38,325,0.0,car,0.9495124220848083,0.8951427340507507,0,-0.293,43.917
1930,904,525,980,586,-0.0435985438525676,41.6756706237793,0.0938855409622192,0.221080482006073,42.01128387451172,42.0179328918457,-0.3000000119209289,6.0,26535368.0,RECORD@2020-11-22_12.54.38,326,0.0,car,0.9467545747756958,0.9019341468811036,0,-0.22,44.017
1931,905,528,980,588,-0.0152290975674986,41.7900276184082,0.645503044128418,0.443727433681488,42.31495666503906,42.31734848022461,-0.6000000238418579,6.0,31958356.0,RECORD@2020-11-22_12.54.38,327,0.0,car,0.9181606769561768,0.919628381729126,0,-0.443,44.315
1932,904,527,980,586,-0.0229320619255304,41.86904525756836,0.5318533778190613,0.3663286566734314,42.117671966552734,42.11773681640625,-0.5,6.0,23208502.0,RECORD@2020-11-22_12.54.38,328,0.0,car,0.9059243202209472,0.9197952151298524,0,-0.368,44.116
1933,905,528,982,589,-0.0420880131423473,42.087005615234375,0.6473503112792969,0.3672567903995514,42.51591873168945,42.5169563293457,-0.5,6.0,25871104.0,RECORD@2020-11-22_12.54.38,329,0.0,car,0.9289687275886536,0.9274930357933044,0,-0.371,44.515
1934,904,531,983,593,-0.0419258326292037,42.19337844848633,0.5331108570098877,0.4415678083896637,42.51041793823242,42.5169563293457,-0.6000000238418579,7.0,41987096.0,RECORD@2020-11-22_12.54.38,330,0.0,car,0.9597334861755372,0.856188178062439,0,-0.445,44.515
1935,907,532,984,593,0.0353904068470001,42.35094451904297,0.0915940999984741,0.2225001752376556,42.8096923828125,42.81637191772461,-0.3000000119209289,7.0,31522864.0,RECORD@2020-11-22_12.54.38,331,0.0,car,0.949999213218689,0.9121862649917604,0,-0.224,44.816
1936,907,525,982,584,-0.0123039921745657,42.51919174194336,0.0881622731685638,0.4465593695640564,42.75648498535156,42.81637191772461,-0.6000000238418579,8.0,13653762.0,RECORD@2020-11-22_12.54.38,332,0.0,car,0.9422215819358826,0.8953143954277039,0,-0.448,44.814
1937,906,530,984,589,0.0222860686480999,42.69270324707031,0.6514406800270081,0.2253058850765228,43.11496353149414,43.11578750610352,-0.3000000119209289,8.0,19081864.0,RECORD@2020-11-22_12.54.38,333,0.0,car,0.9333606362342834,0.5242122411727905,0,-0.226,45.115
1938,908,529,985,589,0.0280233584344387,42.87969207763672,0.3106865584850311,0.373363196849823,43.089454650878906,43.11578750610352,-0.5,8.0,21503910.0,RECORD@2020-11-22_12.54.38,334,0.0,car,0.9141560196876526,0.8568748831748962,0,-0.376,45.114
1939,911,526,985,583,0.1150107085704803,43.04877853393555,0.6538156867027283,0.5272664427757263,43.51175308227539,43.51500701904297,-0.699999988079071,8.0,19899594.0,RECORD@2020-11-22_12.54.38,335,0.0,car,0.9205896854400636,0.9205566048622132,0,-0.532,45.512
1940,911,526,985,584,0.1133365780115127,43.21459579467773,0.3102129697799682,0.3043962717056274,43.51394271850586,43.51500701904297,-0.4000000059604645,9.0,22954812.0,RECORD@2020-11-22_12.54.38,336,0.0,car,0.9270225167274476,0.8406752347946167,0,-0.304,45.514
1941,913,525,987,582,0.1478008329868316,43.43535232543945,0.6562566757202148,0.4604725539684295,43.91254806518555,43.91422653198242,-0.6000000238418579,9.0,19093342.0,RECORD@2020-11-22_12.54.38,337,0.0,car,0.9332852959632874,0.9315701127052308,0,-0.46,45.912
1942,914,528,987,586,0.1626768261194229,43.81528472900391,0.3704947829246521,0.4604024291038513,44.30670166015625,44.31344985961914,-0.6000000238418579,9.0,30036108.0,RECORD@2020-11-22_12.54.38,338,0.0,car,0.9201927781105042,0.927498996257782,0,-0.464,46.311
1943,915,529,990,586,0.1967389285564422,44.0362663269043,0.5401723980903625,0.5382511615753174,44.404422760009766,44.41325378417969,-0.699999988079071,9.0,29784728.0,RECORD@2020-11-22_12.54.38,339,0.0,car,0.9407405853271484,0.9160591959953308,0,-0.543,46.41
1944,916,528,991,583,0.2244322299957275,44.25544357299805,0.6615675091743469,0.6657406091690063,44.76803588867188,44.81247329711914,-0.8999999761581421,9.0,27814648.0,RECORD@2020-11-22_12.54.38,340,0.0,car,0.8598735332489014,0.8532992005348206,0,-0.704,46.807
1945,919,529,992,585,0.2701718807220459,44.45011901855469,0.3084526062011719,0.6248145699501038,44.90789031982422,44.91227722167969,-0.800000011920929,9.0,27919554.0,RECORD@2020-11-22_12.54.38,341,0.0,car,0.9388357400894164,0.9154003262519836,0,-0.627,46.908
1946,919,524,991,581,0.32927206158638,44.65653610229492,0.6643713712692261,0.6304892897605896,45.10851287841797,45.11188888549805,-0.800000011920929,9.0,20138032.0,RECORD@2020-11-22_12.54.38,342,0.0,car,0.9360105991363524,0.8767460584640503,0,-0.63,47.107
1947,921,531,996,586,0.321172833442688,44.869441986083984,0.5434225797653198,0.7608383893966675,45.330814361572266,45.41130447387695,-1.0,9.0,24906174.0,RECORD@2020-11-22_12.54.38,343,0.0,car,0.8898086547851562,0.6284494996070862,0,-0.793,47.404
1949,926,529,997,583,0.4375287890434265,45.26144027709961,0.5448155403137207,0.8001425266265869,45.70566177368164,45.71072006225586,-1.0,9.0,31112040.0,RECORD@2020-11-22_12.54.38,345,0.0,car,0.8942566514015198,0.4024370908737182,0,-0.798,47.704
1957,945,535,1015,589,0.9196779727935792,47.04655838012695,0.0598611235618591,1.2573261260986328,47.577186584472656,47.60701751708984,-1.5,10.0,18261468.0,RECORD@2020-11-22_12.54.38,354,1.0,car,0.9001747369766235,0.7581478953361511,0,-1.246,49.591
1957,856,534,916,580,-2.1754801273345947,70.6258544921875,-0.0961649417877197,-1.9553018808364868,70.40060424804688,70.46237182617188,1.600000023841858,234.0,12407629.0,RECORD@2020-11-22_12.54.38,354,1.0,truck,0.7987964749336243,0.7670990228652954,7,1.967,72.435
1962,943,543,1008,592,0.9134162664413452,50.93630599975586,0.030896320939064,1.0703611373901367,51.180885314941406,51.19999694824219,-1.2000000476837158,14.0,24706714.0,RECORD@2020-11-22_12.54.38,366,0.0,car,0.926869571208954,0.6596199870109558,0,-1.072,53.189
1962,817,540,889,599,-2.7074403762817383,48.98628234863281,0.0433743596076965,-2.181231737136841,48.44317626953125,48.5052604675293,2.5999999046325684,239.0,14714341.0,RECORD@2020-11-22_12.54.38,366,0.0,car,0.904633104801178,0.8528743982315063,8,2.2,50.455
1965,685,532,829,644,-2.8238329887390137,24.589340209960938,0.2065873593091964,-2.4242660999298096,24.309261322021484,24.552045822143555,5.599999904632568,242.0,10364655.0,RECORD@2020-11-22_12.54.38,370,1.0,car,0.9623159170150756,0.8509266972541809,8,2.396,26.435
1965,939,541,1002,590,0.7754443883895874,52.26091766357422,0.0223446786403656,1.463647484779358,52.66153717041016,52.69707489013672,-1.600000023841858,16.0,25871826.0,RECORD@2020-11-22_12.54.38,370,1.0,car,0.9267510771751404,0.8833010196685791,0,-1.471,54.677
1967,936,538,992,585,0.568641722202301,55.1163215637207,0.0035776793956756,0.9656023979187012,55.47774505615234,55.49161529541016,-1.0,16.0,18522850.0,RECORD@2020-11-22_12.54.38,377,0.0,car,0.912302017211914,0.6748648285865784,0,-0.968,57.483
1968,935,540,991,588,0.5722262263298035,55.47004699707031,0.0038500726222991,0.8764365315437317,55.93381881713867,55.99063873291016,-0.8999999761581421,15.0,16134601.0,RECORD@2020-11-22_12.54.38,378,0.0,car,0.935979664325714,0.8385997414588928,0,-0.879,57.984
1969,936,540,992,586,0.6286919713020325,55.8095703125,-0.0013137161731719,1.1757638454437256,56.235137939453125,56.29005813598633,-1.2000000476837158,15.0,9909505.0,RECORD@2020-11-22_12.54.38,379,0.0,car,0.9224335551261902,0.8451361656188965,0,-1.179,58.278
1970,935,539,991,585,0.5656641125679016,56.18496322631836,-0.0005701184272766,0.979546070098877,56.46176528930664,56.48966598510742,-1.0,14.0,12737961.0,RECORD@2020-11-22_12.54.38,380,1.0,car,0.8756566047668457,0.499719887971878,0,-0.986,58.481
1976,934,526,989,568,0.6195715665817261,57.711204528808594,0.5932012796401978,0.7177775502204895,58.08335494995117,58.0865478515625,-0.699999988079071,7.0,15127374.0,RECORD@2020-11-22_12.54.38,387,1.0,car,0.8769489526748657,0.8792604207992554,0,-0.71,60.082
1976,850,519,904,561,-2.972062110900879,79.05680847167969,-0.1548104584217071,-3.5572214126586914,78.56781768798828,78.64639282226562,2.5999999046325684,239.0,7459543.0,RECORD@2020-11-22_12.54.38,387,1.0,car,0.8437739014625549,0.6709524393081665,9,3.568,80.565
1977,844,518,897,562,-3.0366289615631104,72.86981201171875,-0.1108769178390502,-2.906879186630249,72.59439849853516,72.65808868408203,2.299999952316284,239.0,7591585.0,RECORD@2020-11-22_12.54.38,388,0.0,car,0.9274351596832277,0.7978370785713196,9,2.916,74.6
1977,935,526,990,568,0.6487661600112915,57.843894958496094,0.7516865730285645,0.7202188968658447,58.28295516967773,58.28615951538086,-0.699999988079071,6.0,17995998.0,RECORD@2020-11-22_12.54.38,388,0.0,car,0.8383570909500122,0.8581798076629639,0,-0.712,60.282
1987,353,502,698,746,-2.944598913192749,11.651836395263672,0.4515425860881805,-3.139446258544922,10.916592597961426,11.377777099609377,15.800000190734863,245.0,19573136.0,RECORD@2020-11-22_12.54.38,398,1.0,car,0.9219703674316406,0.9517670273780824,9,3.098,12.948
1987,834,530,894,573,-2.827700614929199,60.00457382202149,-0.0259697139263153,-2.274965286254883,59.24054718017578,59.284210205078125,2.200000047683716,233.0,20098218.0,RECORD@2020-11-22_12.54.38,398,1.0,car,0.8829247951507568,0.8934531211853027,10,2.276,61.241
1987,940,530,994,571,0.6453706622123718,58.43243408203125,-0.0152820944786071,1.123592495918274,58.67642974853516,58.68537902832031,-1.100000023841858,1.0,27948364.0,RECORD@2020-11-22_12.54.38,398,1.0,car,0.8338162302970886,0.9246224761009216,0,-1.127,60.675
1990,785,526,865,595,-2.8561511039733887,41.527565002441406,0.530189573764801,-2.484979152679444,41.0230712890625,41.11968612670898,3.5,237.0,12214582.0,RECORD@2020-11-22_12.54.38,401,1.0,car,0.8761611580848694,0.888925313949585,10,2.51,43.043
1990,938,530,994,572,0.6769477725028992,58.40562057495117,0.5960259437561035,0.9251822233200072,58.67070770263672,58.68537902832031,-0.8999999761581421,254.0,15490919.0,RECORD@2020-11-22_12.54.38,401,1.0,car,0.9145309925079346,0.915466010570526,0,-0.922,60.678
1996,37,529,555,932,-2.536572933197021,5.363237857818604,0.393680214881897,-2.2670440673828125,5.673837661743164,6.088109016418457,21.799999237060547,10.0,9247318.0,RECORD@2020-11-22_12.54.38,407,1.0,car,0.8934087157249451,0.9633935689926147,10,2.261,7.653
1996,840,526,900,567,-2.4943294525146484,70.93561553955078,0.6446438431739807,-2.1934938430786133,70.02861785888672,70.06315612792969,1.7999999523162842,246.0,6286720.5,RECORD@2020-11-22_12.54.38,407,1.0,car,0.8331682085990906,0.7386924624443054,11,2.201,72.029
1996,933,529,989,570,0.5463151931762695,57.99781799316406,0.5944008231163025,0.8174042105674744,58.28046417236328,58.28615951538086,-0.800000011920929,250.0,27222652.0,RECORD@2020-11-22_12.54.38,407,1.0,car,0.844746470451355,0.8495181798934937,0,-0.814,60.28
1998,804,519,874,578,-3.464275360107422,52.784210205078125,0.6275914311408997,-3.295611619949341,52.24811172485352,52.29785537719727,3.5999999046325684,245.0,7422228.5,RECORD@2020-11-22_12.54.38,410,1.0,car,0.876914381980896,0.8817709684371948,11,3.284,54.195
1998,931,526,989,570,0.5949935913085938,57.49877166748047,0.749146580696106,0.9069174528121948,57.77915191650391,57.7871322631836,-0.8999999761581421,246.0,25357462.0,RECORD@2020-11-22_12.54.38,410,1.0,car,0.8734678626060486,0.908271551132202,0,-0.908,59.78
2000,764,520,855,598,-3.364840507507324,40.93443298339844,0.0988511443138122,-2.88943862915039,40.41463470458984,40.52085494995117,4.099999904632568,245.0,16519217.0,RECORD@2020-11-22_12.54.38,412,0.0,car,0.93075430393219,0.8785238862037659,11,2.897,42.417
2000,934,530,990,573,0.4697073698043823,57.0018424987793,-0.0059798955917358,0.9021412134170532,57.46296691894531,57.48771667480469,-0.8999999761581421,245.0,16477794.0,RECORD@2020-11-22_12.54.38,412,0.0,car,0.9013303518295288,0.9290271401405334,0,-0.903,59.481
2003,634,516,790,645,-3.1918163299560547,23.240488052368164,0.3371927440166473,-2.9694273471832275,22.6137752532959,22.95516395568848,7.599999904632568,246.0,19687786.0,RECORD@2020-11-22_12.54.38,415,1.0,car,0.9088627696037292,0.921488881111145,11,3.036,24.754
2003,934,528,990,572,0.6104877591133118,56.27239227294922,0.5876875519752502,0.9883357286453248,56.68663787841797,56.68927764892578,-1.0,244.0,12133418.0,RECORD@2020-11-22_12.54.38,415,1.0,car,0.906899869441986,0.9262053966522216,0,-0.989,58.681
2003,844,518,899,561,-2.788681983947754,87.454833984375,0.7085648775100708,-2.562884330749512,86.59270477294922,86.63079833984375,1.7000000476837158,11.0,5035060.5,RECORD@2020-11-22_12.54.38,415,1.0,truck,0.7487897872924805,0.6025004386901855,12,2.57,88.593
2004,322,505,660,764,-3.0917317867279053,11.273344039916992,0.5670797824859619,-3.2034659385681152,10.651472091674805,11.178167343139648,17.200000762939453,8.0,17501720.0,RECORD@2020-11-22_12.54.38,417,1.0,car,0.959968626499176,0.8763570785522461,11,3.305,12.678
2004,930,527,988,572,0.4746918976306915,55.73960876464844,0.5856368541717529,0.8754029273986816,56.08680725097656,56.09044647216797,-0.8999999761581421,244.0,11985709.0,RECORD@2020-11-22_12.54.38,417,1.0,car,0.901711106300354,0.8657823801040649,0,-0.881,58.084
2004,831,519,888,563,-3.3041470050811768,76.57451629638672,0.6665441989898682,-2.760157585144043,75.61056518554688,75.65223693847656,2.0999999046325684,9.0,7339366.5,RECORD@2020-11-22_12.54.38,417,1.0,truck,0.7693505883216858,0.7170708775520325,12,2.772,77.601
2006,808,515,875,576,-2.666045665740967,60.07952880859375,0.7667614221572876,-2.6613268852233887,59.23224258422852,59.284210205078125,2.5999999046325684,7.0,7058209.0,RECORD@2020-11-22_12.54.38,420,0.0,truck,0.9135801196098328,0.8804793953895569,12,2.689,61.223
2006,924,527,984,573,0.3561541438102722,54.966529846191406,0.7325214147567749,0.5776838064193726,55.28896713256836,55.29200744628906,-0.6000000238418579,244.0,18601626.0,RECORD@2020-11-22_12.54.38,420,0.0,car,0.9014148712158204,0.9228928685188292,0,-0.579,57.289
2007,794,512,872,579,-3.384753704071045,54.4848747253418,0.5813031792640686,-2.851213932037353,53.94309997558594,54.09434509277344,3.0,6.0,8998889.0,RECORD@2020-11-22_12.54.38,421,1.0,truck,0.939121663570404,0.8437153697013855,12,2.831,56.02
2007,923,526,983,573,0.2990419268608093,54.72367858886719,0.5816514492034912,0.6276767253875732,54.98902130126953,54.99259185791016,-0.699999988079071,244.0,22009878.0,RECORD@2020-11-22_12.54.38,421,1.0,car,0.9224698543548584,0.9027222394943236,0,-0.672,56.988
2009,920,524,981,572,0.2042435705661773,54.162376403808594,0.5797167420387268,0.5796886086463928,54.69284057617188,54.69317626953125,-0.6000000238418579,244.0,16074780.0,RECORD@2020-11-22_12.54.38,423,1.0,car,0.891869306564331,0.8674490451812744,0,-0.573,56.69
2009,759,509,857,592,-3.4539453983306885,43.13556671142578,0.5376380085945129,-3.155424356460572,42.54081726074219,42.71656799316406,4.300000190734863,4.0,9661811.0,RECORD@2020-11-22_12.54.38,423,1.0,truck,0.9456371665000916,0.6445990204811096,12,3.203,44.596
2014,431,485,724,697,-3.440117120742798,14.897998809814451,0.4700150191783905,-3.0785791873931885,14.369582176208496,14.870954513549805,12.399999618530272,9.0,14212074.0,RECORD@2020-11-22_12.54.38,428,1.0,truck,0.9207526445388794,0.7158406376838684,12,3.193,16.524
2014,914,524,976,570,0.1178953424096107,52.803009033203125,0.7182382345199585,0.3686266839504242,53.28485870361328,53.29590606689453,-0.4000000059604645,241.0,19887070.0,RECORD@2020-11-22_12.54.38,428,1.0,car,0.855567216873169,0.9051666855812072,0,-0.372,55.295
2014,798,523,850,570,-4.511104106903076,62.5220832824707,-0.042726844549179,-3.8005564212799072,62.15277862548828,62.278358459472656,3.5,63.0,9799618.0,RECORD@2020-11-22_12.54.38,428,1.0,car,0.8654320240020752,0.9184114933013916,13,3.802,64.162
2015,185,472,636,790,-3.4957022666931152,9.251977920532228,0.4185211956501007,-3.200789451599121,8.640769004821777,9.381675720214844,20.200000762939453,19.0,14045251.0,RECORD@2020-11-22_12.54.38,429,1.0,truck,0.9582728743553162,0.7807583212852478,12,3.239,10.805
2015,794,519,849,568,-4.420021057128906,58.33176040649414,0.5966256856918335,-3.508740186691284,57.78219604492188,57.88693618774414,3.5,62.0,8500566.0,RECORD@2020-11-22_12.54.38,429,1.0,car,0.892545759677887,0.9134790897369384,13,3.534,59.779
2015,916,519,976,565,0.1477847844362259,52.37739181518555,0.5725972652435303,0.3728156387805938,52.688323974609375,52.69707489013672,-0.4000000059604645,239.0,17019188.0,RECORD@2020-11-22_12.54.38,429,1.0,car,0.8912366032600403,0.922045648097992,0,-0.368,54.696
2026,741,523,821,589,-4.102428913116455,42.6560173034668,0.087305873632431,-3.915656566619873,42.92824172973633,43.11578750610352,5.199999809265137,58.0,10647834.0,RECORD@2020-11-22_12.54.38,443,1.0,car,0.848190426826477,0.9221550226211548,13,3.908,44.938
2026,909,532,989,584,0.164211168885231,41.13869857788086,0.641016960144043,0.1092266216874122,41.49335861206055,41.51890563964844,-0.2000000029802322,196.0,23482786.0,RECORD@2020-11-22_12.54.38,443,1.0,car,0.8084091544151306,0.940021812915802,0,-0.145,43.519
2026,846,511,902,555,-3.1751458644866943,79.29093933105469,0.8935614228248596,-2.0785162448883057,79.61341857910156,79.64443969726562,1.5,127.0,10853589.0,RECORD@2020-11-22_12.54.38,443,1.0,truck,0.8414711356163025,0.5210663676261902,14,2.085,81.617
2030,833,510,905,560,-3.073881387710572,67.51622009277344,0.815515398979187,-2.4640350341796875,67.42294311523438,67.46822357177734,2.0999999046325684,118.0,13994370.0,RECORD@2020-11-22_12.54.38,447,1.0,truck,0.8088337779045105,0.7695773243904114,14,2.472,69.423
2030,604,533,751,638,-4.072205066680908,24.823974609375,0.1950397193431854,-3.773803949356079,25.11598777770996,25.350486755371094,8.600000381469727,56.0,15455775.0,RECORD@2020-11-22_12.54.38,447,1.0,car,0.9433355331420898,0.75545734167099,13,3.791,27.065
2030,908,522,997,597,0.2173183262348175,35.189552307128906,0.6020928621292114,0.308809757232666,35.64268493652344,35.7302131652832,-0.5,183.0,17533532.0,RECORD@2020-11-22_12.54.38,447,1.0,car,0.9569407105445862,0.933472752571106,0,-0.312,37.729
